name,clothing_type,category,brand,size,primary_color,secondary_colors,style_tags,weather_tags,season,description,image_filename,privacy
Gray Pants,Pants,bottom,,,gray,beige,,,,Added by StyleSnap bot on 2025-10-12,gray-pants-1760234083.jpg,public
Beige T-Shirt,T-Shirt,top,,,beige,gray,,,,Added by StyleSnap bot on 2025-10-12,beige-t-shirt-1760234085.jpg,public
Gray Shoes,Shoes,shoes,,,gray,beige|black,,,,Added by StyleSnap bot on 2025-10-12,gray-shoes-1760234086.jpg,public
Gray Shoes,Shoes,shoes,,,gray,beige|black,,,,Added by StyleSnap bot on 2025-10-12,gray-shoes-1760234088.jpg,public
Gray Pants,Pants,bottom,,,gray,beige,,,,Added by StyleSnap bot on 2025-10-12,gray-pants-1760234090.jpg,public
Pink T-Shirt,T-Shirt,top,,,pink,beige|gray,,,,Added by StyleSnap bot on 2025-10-12,pink-t-shirt-1760234092.jpg,public
Gray T-Shirt,T-Shirt,top,,,gray,beige|brown,,,,Added by StyleSnap bot on 2025-10-12,gray-t-shirt-1760234094.jpg,public
Pink Shoes,Shoes,shoes,,,pink,black|beige,,,,Added by StyleSnap bot on 2025-10-12,pink-shoes-1760234097.jpg,public
Teal T-Shirt,T-Shirt,top,,,teal,beige|pink,,,,Added by StyleSnap bot on 2025-10-12,teal-t-shirt-1760234100.jpg,public
Pink Shoes,Shoes,shoes,,,pink,beige|black,,,,Added by StyleSnap bot on 2025-10-12,pink-shoes-1760234103.jpg,public
Beige Shoes,Shoes,shoes,,,beige,pink,,,,Added by StyleSnap bot on 2025-10-12,beige-shoes-1760234106.jpg,public
Black T-Shirt,T-Shirt,top,,,black,beige|gray,,,,Added by StyleSnap bot on 2025-10-12,black-t-shirt-1760234110.jpg,public
Beige T-Shirt,T-Shirt,top,,,beige,gray,,,,Added by StyleSnap bot on 2025-10-12,beige-t-shirt-1760234115.jpg,public
Beige T-Shirt,T-Shirt,top,,,beige,pink|gray,,,,Added by StyleSnap bot on 2025-10-12,beige-t-shirt-1760234119.jpg,public
Beige T-Shirt,T-Shirt,top,,,beige,black|gray,,,,Added by StyleSnap bot on 2025-10-12,beige-t-shirt-1760234122.jpg,public
Beige T-Shirt,T-Shirt,top,,,beige,gray,,,,Added by StyleSnap bot on 2025-10-12,beige-t-shirt-1760234124.jpg,public
Gray T-Shirt,T-Shirt,top,,,gray,white|beige,,,,Added by StyleSnap bot on 2025-10-12,gray-t-shirt-1760234126.jpg,public
White T-Shirt,T-Shirt,top,,,white,beige|pink,,,,Added by StyleSnap bot on 2025-10-12,white-t-shirt-1760234127.jpg,public
White T-Shirt,T-Shirt,top,,,white,beige|gray,,,,Added by StyleSnap bot on 2025-10-12,white-t-shirt-1760234129.jpg,public
Beige T-Shirt,T-Shirt,top,,,beige,pink,,,,Added by StyleSnap bot on 2025-10-12,beige-t-shirt-1760234131.jpg,public
Beige T-Shirt,T-Shirt,top,,,beige,gray,,,,Added by StyleSnap bot on 2025-10-12,beige-t-shirt-1760234133.jpg,public
Pink T-Shirt,T-Shirt,top,,,pink,beige|gray,,,,Added by StyleSnap bot on 2025-10-12,pink-t-shirt-1760234134.jpg,public
Teal T-Shirt,T-Shirt,top,,,teal,beige|gray,,,,Added by StyleSnap bot on 2025-10-12,teal-t-shirt-1760234135.jpg,public
Pink T-Shirt,T-Shirt,top,,,pink,beige|gray,,,,Added by StyleSnap bot on 2025-10-12,pink-t-shirt-1760234137.jpg,public
Beige Shirt,Shirt,top,,,beige,pink|gray,,,,Added by StyleSnap bot on 2025-10-12,beige-shirt-1760234139.jpg,public
Beige T-Shirt,T-Shirt,top,,,beige,white|gray,,,,Added by StyleSnap bot on 2025-10-12,beige-t-shirt-1760234140.jpg,public
Beige T-Shirt,T-Shirt,top,,,beige,pink,,,,Added by StyleSnap bot on 2025-10-12,beige-t-shirt-1760234141.jpg,public
Pink T-Shirt,T-Shirt,top,,,pink,beige,,,,Added by StyleSnap bot on 2025-10-12,pink-t-shirt-1760234142.jpg,public
Gray T-Shirt,T-Shirt,top,,,gray,black|beige,,,,Added by StyleSnap bot on 2025-10-12,gray-t-shirt-1760234143.jpg,public
Pink T-Shirt,T-Shirt,top,,,pink,beige|gray,,,,Added by StyleSnap bot on 2025-10-12,pink-t-shirt-1760234144.jpg,public
Gray T-Shirt,T-Shirt,top,,,gray,beige,,,,Added by StyleSnap bot on 2025-10-12,gray-t-shirt-1760234146.jpg,public
White T-Shirt,T-Shirt,top,,,white,beige|gray,,,,Added by StyleSnap bot on 2025-10-12,white-t-shirt-1760234147.jpg,public
Beige T-Shirt,T-Shirt,top,,,beige,gray,,,,Added by StyleSnap bot on 2025-10-12,beige-t-shirt-1760234148.jpg,public
Beige Shoes,Shoes,shoes,,,beige,black|gray,,,,Added by StyleSnap bot on 2025-10-12,beige-shoes-1760234149.jpg,public
Gray Shoes,Shoes,shoes,,,gray,beige|black,,,,Added by StyleSnap bot on 2025-10-12,gray-shoes-1760234151.jpg,public
Beige Pants,Pants,bottom,,,beige,brown|gray,,,,Added by StyleSnap bot on 2025-10-12,beige-pants-1760234152.jpg,public
Pink T-Shirt,T-Shirt,top,,,pink,beige|gray,,,,Added by StyleSnap bot on 2025-10-12,pink-t-shirt-1760234153.jpg,public
Beige T-Shirt,T-Shirt,top,,,beige,gray|pink,,,,Added by StyleSnap bot on 2025-10-12,beige-t-shirt-1760234155.jpg,public
Teal T-Shirt,T-Shirt,top,,,teal,beige|gray,,,,Added by StyleSnap bot on 2025-10-12,teal-t-shirt-1760234156.jpg,public
Gray T-Shirt,T-Shirt,top,,,gray,navy|beige,,,,Added by StyleSnap bot on 2025-10-12,gray-t-shirt-1760234158.jpg,public
Gray T-Shirt,T-Shirt,top,,,gray,teal|beige,,,,Added by StyleSnap bot on 2025-10-12,gray-t-shirt-1760234159.jpg,public
Beige T-Shirt,T-Shirt,top,,,beige,navy|gray,,,,Added by StyleSnap bot on 2025-10-12,beige-t-shirt-1760234160.jpg,public
Gray Skirt,Skirt,bottom,,,gray,beige|black,,,,Added by StyleSnap bot on 2025-10-12,gray-skirt-1760234162.jpg,public
Beige T-Shirt,T-Shirt,top,,,beige,gray,,,,Added by StyleSnap bot on 2025-10-12,beige-t-shirt-1760234163.jpg,public
Beige Pants,Pants,bottom,,,beige,gray,,,,Added by StyleSnap bot on 2025-10-12,beige-pants-1760234164.jpg,public
Beige Pants,Pants,bottom,,,beige,gray,,,,Added by StyleSnap bot on 2025-10-12,beige-pants-1760234166.jpg,public
Black T-Shirt,T-Shirt,top,,,black,beige|gray,,,,Added by StyleSnap bot on 2025-10-12,black-t-shirt-1760234167.jpg,public
Gray T-Shirt,T-Shirt,top,,,gray,beige,,,,Added by StyleSnap bot on 2025-10-12,gray-t-shirt-1760234169.jpg,public
Beige T-Shirt,T-Shirt,top,,,beige,pink,,,,Added by StyleSnap bot on 2025-10-12,beige-t-shirt-1760234170.jpg,public
Pink T-Shirt,T-Shirt,top,,,pink,beige,,,,Added by StyleSnap bot on 2025-10-12,pink-t-shirt-1760234171.jpg,public
Beige Dress,Dress,outerwear,,,beige,pink|gray,,,,Added by StyleSnap bot on 2025-10-12,beige-dress-1760234173.jpg,public
Beige T-Shirt,T-Shirt,top,,,beige,gray|pink,,,,Added by StyleSnap bot on 2025-10-12,beige-t-shirt-1760234174.jpg,public
Pink T-Shirt,T-Shirt,top,,,pink,beige|gray,,,,Added by StyleSnap bot on 2025-10-12,pink-t-shirt-1760234175.jpg,public
Beige T-Shirt,T-Shirt,top,,,beige,,,,,Added by StyleSnap bot on 2025-10-12,beige-t-shirt-1760234176.jpg,public
Pink Shoes,Shoes,shoes,,,pink,beige|gray,,,,Added by StyleSnap bot on 2025-10-12,pink-shoes-1760234177.jpg,public
Beige Shoes,Shoes,shoes,,,beige,pink,,,,Added by StyleSnap bot on 2025-10-12,beige-shoes-1760234178.jpg,public
Brown Shoes,Shoes,shoes,,,brown,black|beige,,,,Added by StyleSnap bot on 2025-10-12,brown-shoes-1760234179.jpg,public
Beige Pants,Pants,bottom,,,beige,navy|pink,,,,Added by StyleSnap bot on 2025-10-12,beige-pants-1760234180.jpg,public
Gray Skirt,Skirt,bottom,,,gray,beige|maroon,,,,Added by StyleSnap bot on 2025-10-12,gray-skirt-1760234181.jpg,public
Navy Dress,Dress,outerwear,,,navy,gray|beige,,,,Added by StyleSnap bot on 2025-10-12,navy-dress-1760234182.jpg,public
Gray Pants,Pants,bottom,,,gray,beige|black,,,,Added by StyleSnap bot on 2025-10-12,gray-pants-1760234183.jpg,public
Beige Pants,Pants,bottom,,,beige,white|pink,,,,Added by StyleSnap bot on 2025-10-12,beige-pants-1760234184.jpg,public
Black Longsleeve,Longsleeve,top,,,black,white|gray,,,,Added by StyleSnap bot on 2025-10-12,black-longsleeve-1760234185.jpg,public
Gray Longsleeve,Longsleeve,top,,,gray,white,,,,Added by StyleSnap bot on 2025-10-12,gray-longsleeve-1760234186.jpg,public
Black Blazer,Blazer,outerwear,,,black,white|gray,,,,Added by StyleSnap bot on 2025-10-12,black-blazer-1760234187.jpg,public
Black Longsleeve,Longsleeve,top,,,black,white|gray,,,,Added by StyleSnap bot on 2025-10-12,black-longsleeve-1760234188.jpg,public
Black Skirt,Skirt,bottom,,,black,white|gray,,,,Added by StyleSnap bot on 2025-10-12,black-skirt-1760234189.jpg,public
Gray Pants,Pants,bottom,,,gray,white,,,,Added by StyleSnap bot on 2025-10-12,gray-pants-1760234190.jpg,public
Navy T-Shirt,T-Shirt,top,,,navy,white|gray,,,,Added by StyleSnap bot on 2025-10-12,navy-t-shirt-1760234191.jpg,public
Pink T-Shirt,T-Shirt,top,,,pink,white,,,,Added by StyleSnap bot on 2025-10-12,pink-t-shirt-1760234192.jpg,public
Pink Undershirt,Undershirt,top,,,pink,white|gray,,,,Added by StyleSnap bot on 2025-10-12,pink-undershirt-1760234193.jpg,public
Black Undershirt,Undershirt,top,,,black,white|gray,,,,Added by StyleSnap bot on 2025-10-12,black-undershirt-1760234194.jpg,public
Gray Top,Top,top,,,gray,white,,,,Added by StyleSnap bot on 2025-10-12,gray-top-1760234195.jpg,public
Beige Undershirt,Undershirt,top,,,beige,white|gray,,,,Added by StyleSnap bot on 2025-10-12,beige-undershirt-1760234197.jpg,public
Brown Undershirt,Undershirt,top,,,brown,white|gray,,,,Added by StyleSnap bot on 2025-10-12,brown-undershirt-1760234198.jpg,public
Beige Undershirt,Undershirt,top,,,beige,white,,,,Added by StyleSnap bot on 2025-10-12,beige-undershirt-1760234200.jpg,public
Beige Undershirt,Undershirt,top,,,beige,white|gray,,,,Added by StyleSnap bot on 2025-10-12,beige-undershirt-1760234201.jpg,public
Olive Top,Top,top,,,olive,white|gray,,,,Added by StyleSnap bot on 2025-10-12,olive-top-1760234202.jpg,public
Black Undershirt,Undershirt,top,,,black,white|gray,,,,Added by StyleSnap bot on 2025-10-12,black-undershirt-1760234203.jpg,public
Brown Shirt,Shirt,top,,,brown,white|black,,,,Added by StyleSnap bot on 2025-10-12,brown-shirt-1760234204.jpg,public
Gray Blazer,Blazer,outerwear,,,gray,white,,,,Added by StyleSnap bot on 2025-10-12,gray-blazer-1760234205.jpg,public
Teal Outwear,Outwear,outerwear,,,teal,white|gray,,,,Added by StyleSnap bot on 2025-10-12,teal-outwear-1760234206.jpg,public
Gray Outwear,Outwear,outerwear,,,gray,white,,,,Added by StyleSnap bot on 2025-10-12,gray-outwear-1760234207.jpg,public
Gray Outwear,Outwear,outerwear,,,gray,white|brown,,,,Added by StyleSnap bot on 2025-10-12,gray-outwear-1760234208.jpg,public
Beige Outwear,Outwear,outerwear,,,beige,white|gray,,,,Added by StyleSnap bot on 2025-10-12,beige-outwear-1760234209.jpg,public
Gray T-Shirt,T-Shirt,top,,,gray,white,,,,Added by StyleSnap bot on 2025-10-12,gray-t-shirt-1760234210.jpg,public
Gray Skirt,Skirt,bottom,,,gray,white|black,,,,Added by StyleSnap bot on 2025-10-12,gray-skirt-1760234211.jpg,public
Brown Longsleeve,Longsleeve,top,,,brown,white|maroon,,,,Added by StyleSnap bot on 2025-10-12,brown-longsleeve-1760234212.jpg,public
Beige Longsleeve,Longsleeve,top,,,beige,white|pink,,,,Added by StyleSnap bot on 2025-10-12,beige-longsleeve-1760234213.jpg,public
White Pants,Pants,bottom,,,white,black|gray,,,,Added by StyleSnap bot on 2025-10-12,white-pants-1760234214.jpg,public
Gray Pants,Pants,bottom,,,gray,white,,,,Added by StyleSnap bot on 2025-10-12,gray-pants-1760234215.jpg,public
Black Pants,Pants,bottom,,,black,white|gray,,,,Added by StyleSnap bot on 2025-10-12,black-pants-1760234216.jpg,public
White Pants,Pants,bottom,,,white,black|gray,,,,Added by StyleSnap bot on 2025-10-12,white-pants-1760234217.jpg,public
Gray Pants,Pants,bottom,,,gray,white|teal,,,,Added by StyleSnap bot on 2025-10-12,gray-pants-1760234218.jpg,public
Gray Pants,Pants,bottom,,,gray,white|navy,,,,Added by StyleSnap bot on 2025-10-12,gray-pants-1760234219.jpg,public
Gray Pants,Pants,bottom,,,gray,black|white,,,,Added by StyleSnap bot on 2025-10-12,gray-pants-1760234220.jpg,public
Gray Longsleeve,Longsleeve,top,,,gray,white,,,,Added by StyleSnap bot on 2025-10-12,gray-longsleeve-1760234221.jpg,public
Black Longsleeve,Longsleeve,top,,,black,white|gray,,,,Added by StyleSnap bot on 2025-10-12,black-longsleeve-1760234222.jpg,public
Maroon Longsleeve,Longsleeve,top,,,maroon,white|gray,,,,Added by StyleSnap bot on 2025-10-12,maroon-longsleeve-1760234223.jpg,public
Beige Longsleeve,Longsleeve,top,,,beige,pink|white,,,,Added by StyleSnap bot on 2025-10-12,beige-longsleeve-1760234224.jpg,public
Gray Pants,Pants,bottom,,,gray,white|black,,,,Added by StyleSnap bot on 2025-10-12,gray-pants-1760234225.jpg,public
Olive Undershirt,Undershirt,top,,,olive,white|gray,,,,Added by StyleSnap bot on 2025-10-12,olive-undershirt-1760234226.jpg,public
Navy Shirt,Shirt,top,,,navy,white|black,,,,Added by StyleSnap bot on 2025-10-12,navy-shirt-1760234227.jpg,public
Beige Shirt,Shirt,top,,,beige,pink|white,,,,Added by StyleSnap bot on 2025-10-12,beige-shirt-1760234228.jpg,public
Beige Shirt,Shirt,top,,,beige,white|gray,,,,Added by StyleSnap bot on 2025-10-12,beige-shirt-1760234229.jpg,public
Beige Shirt,Shirt,top,,,beige,white|pink,,,,Added by StyleSnap bot on 2025-10-12,beige-shirt-1760234231.jpg,public
Beige Shirt,Shirt,top,,,beige,white|pink,,,,Added by StyleSnap bot on 2025-10-12,beige-shirt-1760234232.jpg,public
Brown Polo,Polo,top,,,brown,white|gray,,,,Added by StyleSnap bot on 2025-10-12,brown-polo-1760234234.jpg,public
Gray Polo,Polo,top,,,gray,purple|white,,,,Added by StyleSnap bot on 2025-10-12,gray-polo-1760234235.jpg,public
Gray Pants,Pants,bottom,,,gray,black,,,,Added by StyleSnap bot on 2025-10-12,gray-pants-1760234236.jpg,public
Pink Undershirt,Undershirt,top,,,pink,white|gray,,,,Added by StyleSnap bot on 2025-10-12,pink-undershirt-1760234237.jpg,public
Gray Shorts,Shorts,bottom,,,gray,white,,,,Added by StyleSnap bot on 2025-10-12,gray-shorts-1760234238.jpg,public
Beige Skirt,Skirt,bottom,,,beige,white|gray,,,,Added by StyleSnap bot on 2025-10-12,beige-skirt-1760234240.jpg,public
Black Skirt,Skirt,bottom,,,black,white|gray,,,,Added by StyleSnap bot on 2025-10-12,black-skirt-1760234242.jpg,public
Black Longsleeve,Longsleeve,top,,,black,white|gray,,,,Added by StyleSnap bot on 2025-10-12,black-longsleeve-1760234243.jpg,public
Navy Hoodie,Hoodie,outerwear,,,navy,white|black,,,,Added by StyleSnap bot on 2025-10-12,navy-hoodie-1760234245.jpg,public
Teal Longsleeve,Longsleeve,top,,,teal,white|gray,,,,Added by StyleSnap bot on 2025-10-12,teal-longsleeve-1760234246.jpg,public
Beige Longsleeve,Longsleeve,top,,,beige,white|pink,,,,Added by StyleSnap bot on 2025-10-12,beige-longsleeve-1760234248.jpg,public
Black Skirt,Skirt,bottom,,,black,white|gray,,,,Added by StyleSnap bot on 2025-10-12,black-skirt-1760234250.jpg,public
Gray Pants,Pants,bottom,,,gray,white|black,,,,Added by StyleSnap bot on 2025-10-12,gray-pants-1760234252.jpg,public
Pink T-Shirt,T-Shirt,top,,,pink,gray|white,,,,Added by StyleSnap bot on 2025-10-12,pink-t-shirt-1760234254.jpg,public
Beige Dress,Dress,outerwear,,,beige,pink|white,,,,Added by StyleSnap bot on 2025-10-12,beige-dress-1760234257.jpg,public
Black Dress,Dress,outerwear,,,black,white|gray,,,,Added by StyleSnap bot on 2025-10-12,black-dress-1760234259.jpg,public
Teal Undershirt,Undershirt,top,,,teal,white,,,,Added by StyleSnap bot on 2025-10-12,teal-undershirt-1760234262.jpg,public
Black Longsleeve,Longsleeve,top,,,black,gray|white,,,,Added by StyleSnap bot on 2025-10-12,black-longsleeve-1760234266.jpg,public
Black Longsleeve,Longsleeve,top,,,black,white|gray,,,,Added by StyleSnap bot on 2025-10-12,black-longsleeve-1760234270.jpg,public
Black Longsleeve,Longsleeve,top,,,black,beige,,,,Added by StyleSnap bot on 2025-10-12,black-longsleeve-1760234273.jpg,public
Black Longsleeve,Longsleeve,top,,,black,gray|beige,,,,Added by StyleSnap bot on 2025-10-12,black-longsleeve-1760234276.jpg,public
Gray Pants,Pants,bottom,,,gray,beige,,,,Added by StyleSnap bot on 2025-10-12,gray-pants-1760234279.jpg,public
Gray Pants,Pants,bottom,,,gray,beige|black,,,,Added by StyleSnap bot on 2025-10-12,gray-pants-1760234281.jpg,public
Black Longsleeve,Longsleeve,top,,,black,gray|white,,,,Added by StyleSnap bot on 2025-10-12,black-longsleeve-1760234284.jpg,public
Brown Shirt,Shirt,top,,,brown,beige|pink,,,,Added by StyleSnap bot on 2025-10-12,brown-shirt-1760234286.jpg,public
Maroon T-Shirt,T-Shirt,top,,,maroon,white|gray,,,,Added by StyleSnap bot on 2025-10-12,maroon-t-shirt-1760234288.jpg,public
Pink Pants,Pants,bottom,,,pink,beige|gray,,,,Added by StyleSnap bot on 2025-10-12,pink-pants-1760234289.jpg,public
Black Polo,Polo,top,,,black,beige|gray,,,,Added by StyleSnap bot on 2025-10-12,black-polo-1760234291.jpg,public
Black Polo,Polo,top,,,black,beige|pink,,,,Added by StyleSnap bot on 2025-10-12,black-polo-1760234293.jpg,public
Black Longsleeve,Longsleeve,top,,,black,gray|beige,,,,Added by StyleSnap bot on 2025-10-12,black-longsleeve-1760234294.jpg,public
Olive Pants,Pants,bottom,,,olive,black|beige,,,,Added by StyleSnap bot on 2025-10-12,olive-pants-1760234295.jpg,public
Black Skirt,Skirt,bottom,,,black,beige|gray,,,,Added by StyleSnap bot on 2025-10-12,black-skirt-1760234297.jpg,public
Beige Shoes,Shoes,shoes,,,beige,black|brown,,,,Added by StyleSnap bot on 2025-10-12,beige-shoes-1760234298.jpg,public
Black Longsleeve,Longsleeve,top,,,black,white|gray,,,,Added by StyleSnap bot on 2025-10-12,black-longsleeve-1760234299.jpg,public
Black T-Shirt,T-Shirt,top,,,black,beige|pink,,,,Added by StyleSnap bot on 2025-10-12,black-t-shirt-1760234300.jpg,public
Gray Pants,Pants,bottom,,,gray,beige,,,,Added by StyleSnap bot on 2025-10-12,gray-pants-1760234301.jpg,public
Gray Pants,Pants,bottom,,,gray,beige,,,,Added by StyleSnap bot on 2025-10-12,gray-pants-1760234302.jpg,public
Black Longsleeve,Longsleeve,top,,,black,beige|brown,,,,Added by StyleSnap bot on 2025-10-12,black-longsleeve-1760234303.jpg,public
Beige Dress,Dress,outerwear,,,beige,black|gray,,,,Added by StyleSnap bot on 2025-10-12,beige-dress-1760234304.jpg,public
Black Longsleeve,Longsleeve,top,,,black,white|brown,,,,Added by StyleSnap bot on 2025-10-12,black-longsleeve-1760234305.jpg,public
Black Longsleeve,Longsleeve,top,,,black,white|gray,,,,Added by StyleSnap bot on 2025-10-12,black-longsleeve-1760234306.jpg,public
Gray Blazer,Blazer,outerwear,,,gray,white|black,,,,Added by StyleSnap bot on 2025-10-12,gray-blazer-1760234307.jpg,public
Gray Shirt,Shirt,top,,,gray,white,,,,Added by StyleSnap bot on 2025-10-12,gray-shirt-1760234308.jpg,public
Black Longsleeve,Longsleeve,top,,,black,white|gray,,,,Added by StyleSnap bot on 2025-10-12,black-longsleeve-1760234309.jpg,public
Beige Shoes,Shoes,shoes,,,beige,black|gray,,,,Added by StyleSnap bot on 2025-10-12,beige-shoes-1760234310.jpg,public
Black Skirt,Skirt,bottom,,,black,beige|gray,,,,Added by StyleSnap bot on 2025-10-12,black-skirt-1760234310.jpg,public
Beige T-Shirt,T-Shirt,top,,,beige,pink,,,,Added by StyleSnap bot on 2025-10-12,beige-t-shirt-1760234311.jpg,public
White Pants,Pants,bottom,,,white,pink|gray,,,,Added by StyleSnap bot on 2025-10-12,white-pants-1760234312.jpg,public
Black Polo,Polo,top,,,black,pink|beige,,,,Added by StyleSnap bot on 2025-10-12,black-polo-1760234313.jpg,public
Black T-Shirt,T-Shirt,top,,,black,gray|beige,,,,Added by StyleSnap bot on 2025-10-12,black-t-shirt-1760234315.jpg,public
Black Outwear,Outwear,outerwear,,,black,white|gray,,,,Added by StyleSnap bot on 2025-10-12,black-outwear-1760234317.jpg,public
Pink Hat,Hat,accessory,,,pink,white|gray,,,,Added by StyleSnap bot on 2025-10-12,pink-hat-1760234318.jpg,public
Gray Pants,Pants,bottom,,,gray,beige|black,,,,Added by StyleSnap bot on 2025-10-12,gray-pants-1760234320.jpg,public
Black Undershirt,Undershirt,top,,,black,beige|pink,,,,Added by StyleSnap bot on 2025-10-12,black-undershirt-1760234321.jpg,public
Black Shorts,Shorts,bottom,,,black,gray|beige,,,,Added by StyleSnap bot on 2025-10-12,black-shorts-1760234322.jpg,public
Black Longsleeve,Longsleeve,top,,,black,white|gray,,,,Added by StyleSnap bot on 2025-10-12,black-longsleeve-1760234324.jpg,public
White Pants,Pants,bottom,,,white,pink|teal,,,,Added by StyleSnap bot on 2025-10-12,white-pants-1760234326.jpg,public
Black Outwear,Outwear,outerwear,,,black,gray|white,,,,Added by StyleSnap bot on 2025-10-12,black-outwear-1760234327.jpg,public
White Pants,Pants,bottom,,,white,black|gray,,,,Added by StyleSnap bot on 2025-10-12,white-pants-1760234329.jpg,public
White Hat,Hat,accessory,,,white,pink|gray,,,,Added by StyleSnap bot on 2025-10-12,white-hat-1760234330.jpg,public
Black Polo,Polo,top,,,black,beige|gray,,,,Added by StyleSnap bot on 2025-10-12,black-polo-1760234331.jpg,public
Black Outwear,Outwear,outerwear,,,black,white|gray,,,,Added by StyleSnap bot on 2025-10-12,black-outwear-1760234332.jpg,public
Beige T-Shirt,T-Shirt,top,,,beige,black|pink,,,,Added by StyleSnap bot on 2025-10-12,beige-t-shirt-1760234333.jpg,public
Black Dress,Dress,outerwear,,,black,white|gray,,,,Added by StyleSnap bot on 2025-10-12,black-dress-1760234334.jpg,public
Beige Skirt,Skirt,bottom,,,beige,black|gray,,,,Added by StyleSnap bot on 2025-10-12,beige-skirt-1760234335.jpg,public
Black Polo,Polo,top,,,black,beige|gray,,,,Added by StyleSnap bot on 2025-10-12,black-polo-1760234336.jpg,public
Beige Longsleeve,Longsleeve,top,,,beige,white,,,,Added by StyleSnap bot on 2025-10-12,beige-longsleeve-1760234337.jpg,public
Black Dress,Dress,outerwear,,,black,beige|gray,,,,Added by StyleSnap bot on 2025-10-12,black-dress-1760234339.jpg,public
Gray Pants,Pants,bottom,,,gray,black|beige,,,,Added by StyleSnap bot on 2025-10-12,gray-pants-1760234340.jpg,public
White Pants,Pants,bottom,,,white,black|brown,,,,Added by StyleSnap bot on 2025-10-12,white-pants-1760234341.jpg,public
Black Undershirt,Undershirt,top,,,black,beige|pink,,,,Added by StyleSnap bot on 2025-10-12,black-undershirt-1760234342.jpg,public
Pink Pants,Pants,bottom,,,pink,beige|gray,,,,Added by StyleSnap bot on 2025-10-12,pink-pants-1760234344.jpg,public
Brown Shoes,Shoes,shoes,,,brown,beige|black,,,,Added by StyleSnap bot on 2025-10-12,brown-shoes-1760234345.jpg,public
Gray Longsleeve,Longsleeve,top,,,gray,white,,,,Added by StyleSnap bot on 2025-10-12,gray-longsleeve-1760234346.jpg,public
Gray Longsleeve,Longsleeve,top,,,gray,white,,,,Added by StyleSnap bot on 2025-10-12,gray-longsleeve-1760234348.jpg,public
Black Pants,Pants,bottom,,,black,beige|gray,,,,Added by StyleSnap bot on 2025-10-12,black-pants-1760234349.jpg,public
Pink Skirt,Skirt,bottom,,,pink,white|gray,,,,Added by StyleSnap bot on 2025-10-12,pink-skirt-1760234350.jpg,public
White Longsleeve,Longsleeve,top,,,white,beige,,,,Added by StyleSnap bot on 2025-10-12,white-longsleeve-1760234351.jpg,public
Brown Pants,Pants,bottom,,,brown,black|gray,,,,Added by StyleSnap bot on 2025-10-12,brown-pants-1760234352.jpg,public
Black Polo,Polo,top,,,black,beige|pink,,,,Added by StyleSnap bot on 2025-10-12,black-polo-1760234354.jpg,public
White Pants,Pants,bottom,,,white,black|gray,,,,Added by StyleSnap bot on 2025-10-12,white-pants-1760234355.jpg,public
Black Undershirt,Undershirt,top,,,black,beige|gray,,,,Added by StyleSnap bot on 2025-10-12,black-undershirt-1760234357.jpg,public
Black Longsleeve,Longsleeve,top,,,black,white|gray,,,,Added by StyleSnap bot on 2025-10-12,black-longsleeve-1760234358.jpg,public
Black Longsleeve,Longsleeve,top,,,black,white|gray,,,,Added by StyleSnap bot on 2025-10-12,black-longsleeve-1760234359.jpg,public
Black Outwear,Outwear,outerwear,,,black,white|gray,,,,Added by StyleSnap bot on 2025-10-12,black-outwear-1760234361.jpg,public
Gray Pants,Pants,bottom,,,gray,beige|navy,,,,Added by StyleSnap bot on 2025-10-12,gray-pants-1760234362.jpg,public
Black Outwear,Outwear,outerwear,,,black,gray|beige,,,,Added by StyleSnap bot on 2025-10-12,black-outwear-1760234363.jpg,public
White Pants,Pants,bottom,,,white,black|gray,,,,Added by StyleSnap bot on 2025-10-12,white-pants-1760234365.jpg,public
Gray Pants,Pants,bottom,,,gray,beige|black,,,,Added by StyleSnap bot on 2025-10-12,gray-pants-1760234366.jpg,public
Gray Longsleeve,Longsleeve,top,,,gray,black|white,,,,Added by StyleSnap bot on 2025-10-12,gray-longsleeve-1760234367.jpg,public
Gray Longsleeve,Longsleeve,top,,,gray,beige,,,,Added by StyleSnap bot on 2025-10-12,gray-longsleeve-1760234369.jpg,public
Beige Shoes,Shoes,shoes,,,beige,maroon|black,,,,Added by StyleSnap bot on 2025-10-12,beige-shoes-1760234370.jpg,public
Pink Shirt,Shirt,top,,,pink,white|navy,,,,Added by StyleSnap bot on 2025-10-12,pink-shirt-1760234372.jpg,public
Black T-Shirt,T-Shirt,top,,,black,white|gray,,,,Added by StyleSnap bot on 2025-10-12,black-t-shirt-1760234373.jpg,public
Gray Shoes,Shoes,shoes,,,gray,beige|brown,,,,Added by StyleSnap bot on 2025-10-12,gray-shoes-1760234374.jpg,public
Black Blazer,Blazer,outerwear,,,black,white|gray,,,,Added by StyleSnap bot on 2025-10-12,black-blazer-1760234375.jpg,public
Gray Longsleeve,Longsleeve,top,,,gray,white,,,,Added by StyleSnap bot on 2025-10-12,gray-longsleeve-1760234376.jpg,public
Gray Skirt,Skirt,bottom,,,gray,white|teal,,,,Added by StyleSnap bot on 2025-10-12,gray-skirt-1760234377.jpg,public
Beige Shirt,Shirt,top,,,beige,white|gray,,,,Added by StyleSnap bot on 2025-10-12,beige-shirt-1760234378.jpg,public
Navy Outwear,Outwear,outerwear,,,navy,white|black,,,,Added by StyleSnap bot on 2025-10-12,navy-outwear-1760234379.jpg,public
White Pants,Pants,bottom,,,white,black|gray,,,,Added by StyleSnap bot on 2025-10-12,white-pants-1760234380.jpg,public
White Undershirt,Undershirt,top,,,white,beige,,,,Added by StyleSnap bot on 2025-10-12,white-undershirt-1760234382.jpg,public
Black Dress,Dress,outerwear,,,black,white,,,,Added by StyleSnap bot on 2025-10-12,black-dress-1760234383.jpg,public
Black T-Shirt,T-Shirt,top,,,black,pink|beige,,,,Added by StyleSnap bot on 2025-10-12,black-t-shirt-1760234384.jpg,public
Black T-Shirt,T-Shirt,top,,,black,beige|pink,,,,Added by StyleSnap bot on 2025-10-12,black-t-shirt-1760234386.jpg,public
Black Outwear,Outwear,outerwear,,,black,white|gray,,,,Added by StyleSnap bot on 2025-10-12,black-outwear-1760234387.jpg,public
Pink Longsleeve,Longsleeve,top,,,pink,white|gray,,,,Added by StyleSnap bot on 2025-10-12,pink-longsleeve-1760234389.jpg,public
Brown T-Shirt,T-Shirt,top,,,brown,white|gray,,,,Added by StyleSnap bot on 2025-10-12,brown-t-shirt-1760234390.jpg,public
Pink Longsleeve,Longsleeve,top,,,pink,gray|beige,,,,Added by StyleSnap bot on 2025-10-12,pink-longsleeve-1760234391.jpg,public
Beige Pants,Pants,bottom,,,beige,gray,,,,Added by StyleSnap bot on 2025-10-12,beige-pants-1760234392.jpg,public
Black Longsleeve,Longsleeve,top,,,black,white|gray,,,,Added by StyleSnap bot on 2025-10-12,black-longsleeve-1760234393.jpg,public
Black Longsleeve,Longsleeve,top,,,black,white|gray,,,,Added by StyleSnap bot on 2025-10-12,black-longsleeve-1760234394.jpg,public
White Pants,Pants,bottom,,,white,black|gray,,,,Added by StyleSnap bot on 2025-10-12,white-pants-1760234395.jpg,public
Black Outwear,Outwear,outerwear,,,black,white|gray,,,,Added by StyleSnap bot on 2025-10-12,black-outwear-1760234397.jpg,public
Black T-Shirt,T-Shirt,top,,,black,white,,,,Added by StyleSnap bot on 2025-10-12,black-t-shirt-1760234399.jpg,public
Beige Shirt,Shirt,top,,,beige,white|pink,,,,Added by StyleSnap bot on 2025-10-12,beige-shirt-1760234401.jpg,public
Beige Shoes,Shoes,shoes,,,beige,black|gray,,,,Added by StyleSnap bot on 2025-10-12,beige-shoes-1760234404.jpg,public
Gray Outwear,Outwear,outerwear,,,gray,black|white,,,,Added by StyleSnap bot on 2025-10-12,gray-outwear-1760234406.jpg,public
Gray T-Shirt,T-Shirt,top,,,gray,white,,,,Added by StyleSnap bot on 2025-10-12,gray-t-shirt-1760234409.jpg,public
Black T-Shirt,T-Shirt,top,,,black,beige|gray,,,,Added by StyleSnap bot on 2025-10-12,black-t-shirt-1760234412.jpg,public
Black T-Shirt,T-Shirt,top,,,black,beige|gray,,,,Added by StyleSnap bot on 2025-10-12,black-t-shirt-1760234415.jpg,public
Black Shoes,Shoes,shoes,,,black,beige|gray,,,,Added by StyleSnap bot on 2025-10-12,black-shoes-1760234418.jpg,public
White Pants,Pants,bottom,,,white,black|gray,,,,Added by StyleSnap bot on 2025-10-12,white-pants-1760234422.jpg,public
Black Shorts,Shorts,bottom,,,black,gray|beige,,,,Added by StyleSnap bot on 2025-10-12,black-shorts-1760234424.jpg,public
Black T-Shirt,T-Shirt,top,,,black,white|gray,,,,Added by StyleSnap bot on 2025-10-12,black-t-shirt-1760234426.jpg,public
Pink Pants,Pants,bottom,,,pink,gray|black,,,,Added by StyleSnap bot on 2025-10-12,pink-pants-1760234429.jpg,public
Black Hoodie,Hoodie,outerwear,,,black,beige|gray,,,,Added by StyleSnap bot on 2025-10-12,black-hoodie-1760234431.jpg,public
Black Longsleeve,Longsleeve,top,,,black,white|pink,,,,Added by StyleSnap bot on 2025-10-12,black-longsleeve-1760234432.jpg,public
White Pants,Pants,bottom,,,white,black|gray,,,,Added by StyleSnap bot on 2025-10-12,white-pants-1760234434.jpg,public
Brown Longsleeve,Longsleeve,top,,,brown,white|gray,,,,Added by StyleSnap bot on 2025-10-12,brown-longsleeve-1760234436.jpg,public
Beige T-Shirt,T-Shirt,top,,,beige,gray,,,,Added by StyleSnap bot on 2025-10-12,beige-t-shirt-1760234437.jpg,public
Black Outwear,Outwear,outerwear,,,black,white,,,,Added by StyleSnap bot on 2025-10-12,black-outwear-1760234439.jpg,public
Black Undershirt,Undershirt,top,,,black,gray|beige,,,,Added by StyleSnap bot on 2025-10-12,black-undershirt-1760234440.jpg,public
Black Shoes,Shoes,shoes,,,black,beige|gray,,,,Added by StyleSnap bot on 2025-10-12,black-shoes-1760234442.jpg,public
Beige T-Shirt,T-Shirt,top,,,beige,pink,,,,Added by StyleSnap bot on 2025-10-12,beige-t-shirt-1760234443.jpg,public
Brown Longsleeve,Longsleeve,top,,,brown,white|gray,,,,Added by StyleSnap bot on 2025-10-12,brown-longsleeve-1760234445.jpg,public
Black Shoes,Shoes,shoes,,,black,white|gray,,,,Added by StyleSnap bot on 2025-10-12,black-shoes-1760234446.jpg,public
Beige Undershirt,Undershirt,top,,,beige,pink|white,,,,Added by StyleSnap bot on 2025-10-12,beige-undershirt-1760234448.jpg,public
Black Blazer,Blazer,outerwear,,,black,beige|pink,,,,Added by StyleSnap bot on 2025-10-12,black-blazer-1760234449.jpg,public
Black Blazer,Blazer,outerwear,,,black,beige|pink,,,,Added by StyleSnap bot on 2025-10-12,black-blazer-1760234451.jpg,public
White Pants,Pants,bottom,,,white,teal|gray,,,,Added by StyleSnap bot on 2025-10-12,white-pants-1760234452.jpg,public
Black Longsleeve,Longsleeve,top,,,black,white|gray,,,,Added by StyleSnap bot on 2025-10-12,black-longsleeve-1760234453.jpg,public
Black Longsleeve,Longsleeve,top,,,black,white|gray,,,,Added by StyleSnap bot on 2025-10-12,black-longsleeve-1760234454.jpg,public
Black Outwear,Outwear,outerwear,,,black,white|gray,,,,Added by StyleSnap bot on 2025-10-12,black-outwear-1760234455.jpg,public
Black Dress,Dress,outerwear,,,black,beige|gray,,,,Added by StyleSnap bot on 2025-10-12,black-dress-1760234457.jpg,public
White Pants,Pants,bottom,,,white,black|gray,,,,Added by StyleSnap bot on 2025-10-12,white-pants-1760234458.jpg,public
Pink Dress,Dress,outerwear,,,pink,black|beige,,,,Added by StyleSnap bot on 2025-10-12,pink-dress-1760234459.jpg,public
White Pants,Pants,bottom,,,white,black|gray,,,,Added by StyleSnap bot on 2025-10-12,white-pants-1760234460.jpg,public
Gray Outwear,Outwear,outerwear,,,gray,beige|black,,,,Added by StyleSnap bot on 2025-10-12,gray-outwear-1760234461.jpg,public
Gray Outwear,Outwear,outerwear,,,gray,beige|black,,,,Added by StyleSnap bot on 2025-10-12,gray-outwear-1760234462.jpg,public
Gray Longsleeve,Longsleeve,top,,,gray,beige,,,,Added by StyleSnap bot on 2025-10-12,gray-longsleeve-1760234463.jpg,public
Beige T-Shirt,T-Shirt,top,,,beige,white,,,,Added by StyleSnap bot on 2025-10-12,beige-t-shirt-1760234464.jpg,public
White Pants,Pants,bottom,,,white,black|gray,,,,Added by StyleSnap bot on 2025-10-12,white-pants-1760234465.jpg,public
White Pants,Pants,bottom,,,white,black|gray,,,,Added by StyleSnap bot on 2025-10-12,white-pants-1760234465.jpg,public
Black Skirt,Skirt,bottom,,,black,beige|gray,,,,Added by StyleSnap bot on 2025-10-12,black-skirt-1760234467.jpg,public
Gray Pants,Pants,bottom,,,gray,black|beige,,,,Added by StyleSnap bot on 2025-10-12,gray-pants-1760234467.jpg,public
Brown T-Shirt,T-Shirt,top,,,brown,gray|beige,,,,Added by StyleSnap bot on 2025-10-12,brown-t-shirt-1760234468.jpg,public
Black Longsleeve,Longsleeve,top,,,black,white|gray,,,,Added by StyleSnap bot on 2025-10-12,black-longsleeve-1760234469.jpg,public
Black Longsleeve,Longsleeve,top,,,black,white|gray,,,,Added by StyleSnap bot on 2025-10-12,black-longsleeve-1760234470.jpg,public
Gray Pants,Pants,bottom,,,gray,beige|teal,,,,Added by StyleSnap bot on 2025-10-12,gray-pants-1760234471.jpg,public
Black Undershirt,Undershirt,top,,,black,beige|pink,,,,Added by StyleSnap bot on 2025-10-12,black-undershirt-1760234472.jpg,public
Beige Shoes,Shoes,shoes,,,beige,black|gray,,,,Added by StyleSnap bot on 2025-10-12,beige-shoes-1760234473.jpg,public
Black Undershirt,Undershirt,top,,,black,beige|pink,,,,Added by StyleSnap bot on 2025-10-12,black-undershirt-1760234473.jpg,public
Black Undershirt,Undershirt,top,,,black,gray|beige,,,,Added by StyleSnap bot on 2025-10-12,black-undershirt-1760234474.jpg,public
Black Outwear,Outwear,outerwear,,,black,white|gray,,,,Added by StyleSnap bot on 2025-10-12,black-outwear-1760234475.jpg,public
Black Longsleeve,Longsleeve,top,,,black,white|gray,,,,Added by StyleSnap bot on 2025-10-12,black-longsleeve-1760234476.jpg,public
Black Longsleeve,Longsleeve,top,,,black,beige|gray,,,,Added by StyleSnap bot on 2025-10-12,black-longsleeve-1760234477.jpg,public
Black Longsleeve,Longsleeve,top,,,black,white|pink,,,,Added by StyleSnap bot on 2025-10-12,black-longsleeve-1760234478.jpg,public
Black T-Shirt,T-Shirt,top,,,black,white|gray,,,,Added by StyleSnap bot on 2025-10-12,black-t-shirt-1760234479.jpg,public
Black Longsleeve,Longsleeve,top,,,black,white|gray,,,,Added by StyleSnap bot on 2025-10-12,black-longsleeve-1760234480.jpg,public
Beige T-Shirt,T-Shirt,top,,,beige,pink|white,,,,Added by StyleSnap bot on 2025-10-12,beige-t-shirt-1760234481.jpg,public
Gray Hoodie,Hoodie,outerwear,,,gray,beige|teal,,,,Added by StyleSnap bot on 2025-10-12,gray-hoodie-1760234482.jpg,public
Gray Outwear,Outwear,outerwear,,,gray,beige|pink,,,,Added by StyleSnap bot on 2025-10-12,gray-outwear-1760234482.jpg,public
Beige Polo,Polo,top,,,beige,white|pink,,,,Added by StyleSnap bot on 2025-10-12,beige-polo-1760234483.jpg,public
Gray Pants,Pants,bottom,,,gray,beige,,,,Added by StyleSnap bot on 2025-10-12,gray-pants-1760234484.jpg,public
White Shoes,Shoes,shoes,,,white,black|gray,,,,Added by StyleSnap bot on 2025-10-12,white-shoes-1760234485.jpg,public
Gray T-Shirt,T-Shirt,top,,,gray,beige|pink,,,,Added by StyleSnap bot on 2025-10-12,gray-t-shirt-1760234486.jpg,public
Beige Pants,Pants,bottom,,,beige,,,,,Added by StyleSnap bot on 2025-10-12,beige-pants-1760234487.jpg,public
Black Longsleeve,Longsleeve,top,,,black,white|gray,,,,Added by StyleSnap bot on 2025-10-12,black-longsleeve-1760234488.jpg,public
Black Longsleeve,Longsleeve,top,,,black,white|gray,,,,Added by StyleSnap bot on 2025-10-12,black-longsleeve-1760234489.jpg,public
Black Longsleeve,Longsleeve,top,,,black,beige|gray,,,,Added by StyleSnap bot on 2025-10-12,black-longsleeve-1760234489.jpg,public
Black Polo,Polo,top,,,black,beige|pink,,,,Added by StyleSnap bot on 2025-10-12,black-polo-1760234490.jpg,public
Maroon T-Shirt,T-Shirt,top,,,maroon,beige|gray,,,,Added by StyleSnap bot on 2025-10-12,maroon-t-shirt-1760234491.jpg,public
Black Longsleeve,Longsleeve,top,,,black,white,,,,Added by StyleSnap bot on 2025-10-12,black-longsleeve-1760234492.jpg,public
Black Longsleeve,Longsleeve,top,,,black,white|gray,,,,Added by StyleSnap bot on 2025-10-12,black-longsleeve-1760234493.jpg,public
Beige Shirt,Shirt,top,,,beige,white|pink,,,,Added by StyleSnap bot on 2025-10-12,beige-shirt-1760234494.jpg,public
Black Longsleeve,Longsleeve,top,,,black,white,,,,Added by StyleSnap bot on 2025-10-12,black-longsleeve-1760234495.jpg,public
White Pants,Pants,bottom,,,white,gray,,,,Added by StyleSnap bot on 2025-10-12,white-pants-1760234496.jpg,public
Pink T-Shirt,T-Shirt,top,,,pink,white|gray,,,,Added by StyleSnap bot on 2025-10-12,pink-t-shirt-1760234498.jpg,public
Black Longsleeve,Longsleeve,top,,,black,white,,,,Added by StyleSnap bot on 2025-10-12,black-longsleeve-1760234499.jpg,public
Gray Shorts,Shorts,bottom,,,gray,beige,,,,Added by StyleSnap bot on 2025-10-12,gray-shorts-1760234499.jpg,public
Beige T-Shirt,T-Shirt,top,,,beige,white,,,,Added by StyleSnap bot on 2025-10-12,beige-t-shirt-1760234500.jpg,public
Black Longsleeve,Longsleeve,top,,,black,white|gray,,,,Added by StyleSnap bot on 2025-10-12,black-longsleeve-1760234501.jpg,public
Gray Pants,Pants,bottom,,,gray,beige|black,,,,Added by StyleSnap bot on 2025-10-12,gray-pants-1760234502.jpg,public
Gray Pants,Pants,bottom,,,gray,beige|black,,,,Added by StyleSnap bot on 2025-10-12,gray-pants-1760234503.jpg,public
Black Outwear,Outwear,outerwear,,,black,white|gray,,,,Added by StyleSnap bot on 2025-10-12,black-outwear-1760234504.jpg,public
Black Longsleeve,Longsleeve,top,,,black,white|gray,,,,Added by StyleSnap bot on 2025-10-12,black-longsleeve-1760234505.jpg,public
Black Longsleeve,Longsleeve,top,,,black,white|gray,,,,Added by StyleSnap bot on 2025-10-12,black-longsleeve-1760234506.jpg,public
White Pants,Pants,bottom,,,white,gray|black,,,,Added by StyleSnap bot on 2025-10-12,white-pants-1760234508.jpg,public
Black T-Shirt,T-Shirt,top,,,black,beige|gray,,,,Added by StyleSnap bot on 2025-10-12,black-t-shirt-1760234509.jpg,public
White Pants,Pants,bottom,,,white,black|gray,,,,Added by StyleSnap bot on 2025-10-12,white-pants-1760234510.jpg,public
Black Polo,Polo,top,,,black,beige|gray,,,,Added by StyleSnap bot on 2025-10-12,black-polo-1760234511.jpg,public
Pink Pants,Pants,bottom,,,pink,gray|black,,,,Added by StyleSnap bot on 2025-10-12,pink-pants-1760234512.jpg,public
Pink Pants,Pants,bottom,,,pink,beige|brown,,,,Added by StyleSnap bot on 2025-10-12,pink-pants-1760234514.jpg,public
Gray Pants,Pants,bottom,,,gray,black|beige,,,,Added by StyleSnap bot on 2025-10-12,gray-pants-1760234515.jpg,public
Black Hat,Hat,accessory,,,black,white|navy,,,,Added by StyleSnap bot on 2025-10-12,black-hat-1760234516.jpg,public
Black Longsleeve,Longsleeve,top,,,black,white|gray,,,,Added by StyleSnap bot on 2025-10-12,black-longsleeve-1760234517.jpg,public
Black Shoes,Shoes,shoes,,,black,white|gray,,,,Added by StyleSnap bot on 2025-10-12,black-shoes-1760234518.jpg,public
Gray Pants,Pants,bottom,,,gray,beige,,,,Added by StyleSnap bot on 2025-10-12,gray-pants-1760234523.jpg,public
Beige T-Shirt,T-Shirt,top,,,beige,gray,,,,Added by StyleSnap bot on 2025-10-12,beige-t-shirt-1760234524.jpg,public
Gray Shoes,Shoes,shoes,,,gray,beige|black,,,,Added by StyleSnap bot on 2025-10-12,gray-shoes-1760234525.jpg,public
Gray Shoes,Shoes,shoes,,,gray,beige|black,,,,Added by StyleSnap bot on 2025-10-12,gray-shoes-1760234526.jpg,public
Gray Pants,Pants,bottom,,,gray,beige,,,,Added by StyleSnap bot on 2025-10-12,gray-pants-1760234527.jpg,public
Pink T-Shirt,T-Shirt,top,,,pink,beige|gray,,,,Added by StyleSnap bot on 2025-10-12,pink-t-shirt-1760234529.jpg,public
Gray T-Shirt,T-Shirt,top,,,gray,beige|brown,,,,Added by StyleSnap bot on 2025-10-12,gray-t-shirt-1760234530.jpg,public
Pink Shoes,Shoes,shoes,,,pink,black|beige,,,,Added by StyleSnap bot on 2025-10-12,pink-shoes-1760234531.jpg,public
Teal T-Shirt,T-Shirt,top,,,teal,beige|pink,,,,Added by StyleSnap bot on 2025-10-12,teal-t-shirt-1760234532.jpg,public
Pink Shoes,Shoes,shoes,,,pink,beige|black,,,,Added by StyleSnap bot on 2025-10-12,pink-shoes-1760234533.jpg,public
Beige Shoes,Shoes,shoes,,,beige,pink,,,,Added by StyleSnap bot on 2025-10-12,beige-shoes-1760234535.jpg,public
Black T-Shirt,T-Shirt,top,,,black,beige|gray,,,,Added by StyleSnap bot on 2025-10-12,black-t-shirt-1760234536.jpg,public
Beige T-Shirt,T-Shirt,top,,,beige,gray,,,,Added by StyleSnap bot on 2025-10-12,beige-t-shirt-1760234538.jpg,public
Beige T-Shirt,T-Shirt,top,,,beige,pink|gray,,,,Added by StyleSnap bot on 2025-10-12,beige-t-shirt-1760234540.jpg,public
Beige T-Shirt,T-Shirt,top,,,beige,black|gray,,,,Added by StyleSnap bot on 2025-10-12,beige-t-shirt-1760234542.jpg,public
Beige T-Shirt,T-Shirt,top,,,beige,gray,,,,Added by StyleSnap bot on 2025-10-12,beige-t-shirt-1760234543.jpg,public
Gray T-Shirt,T-Shirt,top,,,gray,white|beige,,,,Added by StyleSnap bot on 2025-10-12,gray-t-shirt-1760234545.jpg,public
White T-Shirt,T-Shirt,top,,,white,beige|pink,,,,Added by StyleSnap bot on 2025-10-12,white-t-shirt-1760234546.jpg,public
White T-Shirt,T-Shirt,top,,,white,beige|gray,,,,Added by StyleSnap bot on 2025-10-12,white-t-shirt-1760234547.jpg,public
Beige T-Shirt,T-Shirt,top,,,beige,pink,,,,Added by StyleSnap bot on 2025-10-12,beige-t-shirt-1760234548.jpg,public
Beige T-Shirt,T-Shirt,top,,,beige,gray,,,,Added by StyleSnap bot on 2025-10-12,beige-t-shirt-1760234549.jpg,public
Pink T-Shirt,T-Shirt,top,,,pink,beige|gray,,,,Added by StyleSnap bot on 2025-10-12,pink-t-shirt-1760234551.jpg,public
Teal T-Shirt,T-Shirt,top,,,teal,beige|gray,,,,Added by StyleSnap bot on 2025-10-12,teal-t-shirt-1760234552.jpg,public
Pink T-Shirt,T-Shirt,top,,,pink,beige|gray,,,,Added by StyleSnap bot on 2025-10-12,pink-t-shirt-1760234554.jpg,public
Beige Shirt,Shirt,top,,,beige,pink|gray,,,,Added by StyleSnap bot on 2025-10-12,beige-shirt-1760234556.jpg,public
Beige T-Shirt,T-Shirt,top,,,beige,white|gray,,,,Added by StyleSnap bot on 2025-10-12,beige-t-shirt-1760234557.jpg,public
Beige T-Shirt,T-Shirt,top,,,beige,pink,,,,Added by StyleSnap bot on 2025-10-12,beige-t-shirt-1760234559.jpg,public
Pink T-Shirt,T-Shirt,top,,,pink,beige,,,,Added by StyleSnap bot on 2025-10-12,pink-t-shirt-1760234561.jpg,public
Gray T-Shirt,T-Shirt,top,,,gray,black|beige,,,,Added by StyleSnap bot on 2025-10-12,gray-t-shirt-1760234563.jpg,public
Pink T-Shirt,T-Shirt,top,,,pink,beige|gray,,,,Added by StyleSnap bot on 2025-10-12,pink-t-shirt-1760234565.jpg,public
Gray T-Shirt,T-Shirt,top,,,gray,beige,,,,Added by StyleSnap bot on 2025-10-12,gray-t-shirt-1760234567.jpg,public
White T-Shirt,T-Shirt,top,,,white,beige|gray,,,,Added by StyleSnap bot on 2025-10-12,white-t-shirt-1760234569.jpg,public
Beige T-Shirt,T-Shirt,top,,,beige,gray,,,,Added by StyleSnap bot on 2025-10-12,beige-t-shirt-1760234572.jpg,public
Beige Shoes,Shoes,shoes,,,beige,black|gray,,,,Added by StyleSnap bot on 2025-10-12,beige-shoes-1760234574.jpg,public
Gray Shoes,Shoes,shoes,,,gray,beige|black,,,,Added by StyleSnap bot on 2025-10-12,gray-shoes-1760234577.jpg,public
Beige Pants,Pants,bottom,,,beige,brown|gray,,,,Added by StyleSnap bot on 2025-10-12,beige-pants-1760234579.jpg,public
Pink T-Shirt,T-Shirt,top,,,pink,beige|gray,,,,Added by StyleSnap bot on 2025-10-12,pink-t-shirt-1760234581.jpg,public
Beige T-Shirt,T-Shirt,top,,,beige,gray|pink,,,,Added by StyleSnap bot on 2025-10-12,beige-t-shirt-1760234583.jpg,public
Teal T-Shirt,T-Shirt,top,,,teal,beige|gray,,,,Added by StyleSnap bot on 2025-10-12,teal-t-shirt-1760234585.jpg,public
Gray T-Shirt,T-Shirt,top,,,gray,navy|beige,,,,Added by StyleSnap bot on 2025-10-12,gray-t-shirt-1760234586.jpg,public
Gray T-Shirt,T-Shirt,top,,,gray,teal|beige,,,,Added by StyleSnap bot on 2025-10-12,gray-t-shirt-1760234587.jpg,public
Beige T-Shirt,T-Shirt,top,,,beige,navy|gray,,,,Added by StyleSnap bot on 2025-10-12,beige-t-shirt-1760234589.jpg,public
Gray Skirt,Skirt,bottom,,,gray,beige|black,,,,Added by StyleSnap bot on 2025-10-12,gray-skirt-1760234590.jpg,public
Beige T-Shirt,T-Shirt,top,,,beige,gray,,,,Added by StyleSnap bot on 2025-10-12,beige-t-shirt-1760234591.jpg,public
Beige Pants,Pants,bottom,,,beige,gray,,,,Added by StyleSnap bot on 2025-10-12,beige-pants-1760234593.jpg,public
Beige Pants,Pants,bottom,,,beige,gray,,,,Added by StyleSnap bot on 2025-10-12,beige-pants-1760234594.jpg,public
Black T-Shirt,T-Shirt,top,,,black,beige|gray,,,,Added by StyleSnap bot on 2025-10-12,black-t-shirt-1760234595.jpg,public
Gray T-Shirt,T-Shirt,top,,,gray,beige,,,,Added by StyleSnap bot on 2025-10-12,gray-t-shirt-1760234597.jpg,public
Beige T-Shirt,T-Shirt,top,,,beige,pink,,,,Added by StyleSnap bot on 2025-10-12,beige-t-shirt-1760234598.jpg,public
Pink T-Shirt,T-Shirt,top,,,pink,beige,,,,Added by StyleSnap bot on 2025-10-12,pink-t-shirt-1760234599.jpg,public
Beige Dress,Dress,outerwear,,,beige,pink|gray,,,,Added by StyleSnap bot on 2025-10-12,beige-dress-1760234601.jpg,public
Beige T-Shirt,T-Shirt,top,,,beige,gray|pink,,,,Added by StyleSnap bot on 2025-10-12,beige-t-shirt-1760234602.jpg,public
Pink T-Shirt,T-Shirt,top,,,pink,beige|gray,,,,Added by StyleSnap bot on 2025-10-12,pink-t-shirt-1760234603.jpg,public
Beige T-Shirt,T-Shirt,top,,,beige,,,,,Added by StyleSnap bot on 2025-10-12,beige-t-shirt-1760234604.jpg,public
Pink Shoes,Shoes,shoes,,,pink,beige|gray,,,,Added by StyleSnap bot on 2025-10-12,pink-shoes-1760234606.jpg,public
Beige Shoes,Shoes,shoes,,,beige,pink,,,,Added by StyleSnap bot on 2025-10-12,beige-shoes-1760234606.jpg,public
Brown Shoes,Shoes,shoes,,,brown,black|beige,,,,Added by StyleSnap bot on 2025-10-12,brown-shoes-1760234608.jpg,public
Beige Pants,Pants,bottom,,,beige,navy|pink,,,,Added by StyleSnap bot on 2025-10-12,beige-pants-1760234608.jpg,public
Gray Skirt,Skirt,bottom,,,gray,beige|maroon,,,,Added by StyleSnap bot on 2025-10-12,gray-skirt-1760234610.jpg,public
Navy Dress,Dress,outerwear,,,navy,gray|beige,,,,Added by StyleSnap bot on 2025-10-12,navy-dress-1760234610.jpg,public
Gray Pants,Pants,bottom,,,gray,beige|black,,,,Added by StyleSnap bot on 2025-10-12,gray-pants-1760234612.jpg,public
Beige Pants,Pants,bottom,,,beige,white|pink,,,,Added by StyleSnap bot on 2025-10-12,beige-pants-1760234612.jpg,public
Black Longsleeve,Longsleeve,top,,,black,white|gray,,,,Added by StyleSnap bot on 2025-10-12,black-longsleeve-1760234613.jpg,public
Gray Longsleeve,Longsleeve,top,,,gray,white,,,,Added by StyleSnap bot on 2025-10-12,gray-longsleeve-1760234615.jpg,public
Black Blazer,Blazer,outerwear,,,black,white|gray,,,,Added by StyleSnap bot on 2025-10-12,black-blazer-1760234616.jpg,public
Black Longsleeve,Longsleeve,top,,,black,white|gray,,,,Added by StyleSnap bot on 2025-10-12,black-longsleeve-1760234617.jpg,public
Black Skirt,Skirt,bottom,,,black,white|gray,,,,Added by StyleSnap bot on 2025-10-12,black-skirt-1760234618.jpg,public
Gray Pants,Pants,bottom,,,gray,white,,,,Added by StyleSnap bot on 2025-10-12,gray-pants-1760234619.jpg,public
Navy T-Shirt,T-Shirt,top,,,navy,white|gray,,,,Added by StyleSnap bot on 2025-10-12,navy-t-shirt-1760234620.jpg,public
Pink T-Shirt,T-Shirt,top,,,pink,white,,,,Added by StyleSnap bot on 2025-10-12,pink-t-shirt-1760234621.jpg,public
Pink Undershirt,Undershirt,top,,,pink,white|gray,,,,Added by StyleSnap bot on 2025-10-12,pink-undershirt-1760234622.jpg,public
Black Undershirt,Undershirt,top,,,black,white|gray,,,,Added by StyleSnap bot on 2025-10-12,black-undershirt-1760234623.jpg,public
Gray Top,Top,top,,,gray,white,,,,Added by StyleSnap bot on 2025-10-12,gray-top-1760234624.jpg,public
Beige Undershirt,Undershirt,top,,,beige,white|gray,,,,Added by StyleSnap bot on 2025-10-12,beige-undershirt-1760234625.jpg,public
Brown Undershirt,Undershirt,top,,,brown,white|gray,,,,Added by StyleSnap bot on 2025-10-12,brown-undershirt-1760234626.jpg,public
Beige Undershirt,Undershirt,top,,,beige,white,,,,Added by StyleSnap bot on 2025-10-12,beige-undershirt-1760234627.jpg,public
Beige Undershirt,Undershirt,top,,,beige,white|gray,,,,Added by StyleSnap bot on 2025-10-12,beige-undershirt-1760234628.jpg,public
Olive Top,Top,top,,,olive,white|gray,,,,Added by StyleSnap bot on 2025-10-12,olive-top-1760234629.jpg,public
Black Undershirt,Undershirt,top,,,black,white|gray,,,,Added by StyleSnap bot on 2025-10-12,black-undershirt-1760234629.jpg,public
Brown Shirt,Shirt,top,,,brown,white|black,,,,Added by StyleSnap bot on 2025-10-12,brown-shirt-1760234630.jpg,public
Gray Blazer,Blazer,outerwear,,,gray,white,,,,Added by StyleSnap bot on 2025-10-12,gray-blazer-1760234631.jpg,public
Teal Outwear,Outwear,outerwear,,,teal,white|gray,,,,Added by StyleSnap bot on 2025-10-12,teal-outwear-1760234632.jpg,public
Gray Outwear,Outwear,outerwear,,,gray,white,,,,Added by StyleSnap bot on 2025-10-12,gray-outwear-1760234633.jpg,public
Gray Outwear,Outwear,outerwear,,,gray,white|brown,,,,Added by StyleSnap bot on 2025-10-12,gray-outwear-1760234634.jpg,public
Beige Outwear,Outwear,outerwear,,,beige,white|gray,,,,Added by StyleSnap bot on 2025-10-12,beige-outwear-1760234635.jpg,public
Gray T-Shirt,T-Shirt,top,,,gray,white,,,,Added by StyleSnap bot on 2025-10-12,gray-t-shirt-1760234635.jpg,public
Gray Skirt,Skirt,bottom,,,gray,white|black,,,,Added by StyleSnap bot on 2025-10-12,gray-skirt-1760234636.jpg,public
Brown Longsleeve,Longsleeve,top,,,brown,white|maroon,,,,Added by StyleSnap bot on 2025-10-12,brown-longsleeve-1760234637.jpg,public
Beige Longsleeve,Longsleeve,top,,,beige,white|pink,,,,Added by StyleSnap bot on 2025-10-12,beige-longsleeve-1760234638.jpg,public
White Pants,Pants,bottom,,,white,black|gray,,,,Added by StyleSnap bot on 2025-10-12,white-pants-1760234639.jpg,public
Gray Pants,Pants,bottom,,,gray,white,,,,Added by StyleSnap bot on 2025-10-12,gray-pants-1760234639.jpg,public
Black Pants,Pants,bottom,,,black,white|gray,,,,Added by StyleSnap bot on 2025-10-12,black-pants-1760234640.jpg,public
White Pants,Pants,bottom,,,white,black|gray,,,,Added by StyleSnap bot on 2025-10-12,white-pants-1760234641.jpg,public
Gray Pants,Pants,bottom,,,gray,white|teal,,,,Added by StyleSnap bot on 2025-10-12,gray-pants-1760234642.jpg,public
Gray Pants,Pants,bottom,,,gray,white|navy,,,,Added by StyleSnap bot on 2025-10-12,gray-pants-1760234642.jpg,public
Gray Pants,Pants,bottom,,,gray,black|white,,,,Added by StyleSnap bot on 2025-10-12,gray-pants-1760234643.jpg,public
Gray Longsleeve,Longsleeve,top,,,gray,white,,,,Added by StyleSnap bot on 2025-10-12,gray-longsleeve-1760234644.jpg,public
Black Longsleeve,Longsleeve,top,,,black,white|gray,,,,Added by StyleSnap bot on 2025-10-12,black-longsleeve-1760234644.jpg,public
Maroon Longsleeve,Longsleeve,top,,,maroon,white|gray,,,,Added by StyleSnap bot on 2025-10-12,maroon-longsleeve-1760234645.jpg,public
Beige Longsleeve,Longsleeve,top,,,beige,pink|white,,,,Added by StyleSnap bot on 2025-10-12,beige-longsleeve-1760234646.jpg,public
Gray Pants,Pants,bottom,,,gray,white|black,,,,Added by StyleSnap bot on 2025-10-12,gray-pants-1760234647.jpg,public
Olive Undershirt,Undershirt,top,,,olive,white|gray,,,,Added by StyleSnap bot on 2025-10-12,olive-undershirt-1760234648.jpg,public
Navy Shirt,Shirt,top,,,navy,white|black,,,,Added by StyleSnap bot on 2025-10-12,navy-shirt-1760234648.jpg,public
Beige Shirt,Shirt,top,,,beige,pink|white,,,,Added by StyleSnap bot on 2025-10-12,beige-shirt-1760234649.jpg,public
Beige Shirt,Shirt,top,,,beige,white|gray,,,,Added by StyleSnap bot on 2025-10-12,beige-shirt-1760234650.jpg,public
Beige Shirt,Shirt,top,,,beige,white|pink,,,,Added by StyleSnap bot on 2025-10-12,beige-shirt-1760234651.jpg,public
Beige Shirt,Shirt,top,,,beige,white|pink,,,,Added by StyleSnap bot on 2025-10-12,beige-shirt-1760234652.jpg,public
Brown Polo,Polo,top,,,brown,white|gray,,,,Added by StyleSnap bot on 2025-10-12,brown-polo-1760234653.jpg,public
Gray Polo,Polo,top,,,gray,purple|white,,,,Added by StyleSnap bot on 2025-10-12,gray-polo-1760234654.jpg,public
Gray Pants,Pants,bottom,,,gray,black,,,,Added by StyleSnap bot on 2025-10-12,gray-pants-1760234654.jpg,public
Pink Undershirt,Undershirt,top,,,pink,white|gray,,,,Added by StyleSnap bot on 2025-10-12,pink-undershirt-1760234655.jpg,public
Gray Shorts,Shorts,bottom,,,gray,white,,,,Added by StyleSnap bot on 2025-10-12,gray-shorts-1760234657.jpg,public
Beige Skirt,Skirt,bottom,,,beige,white|gray,,,,Added by StyleSnap bot on 2025-10-12,beige-skirt-1760234658.jpg,public
Black Skirt,Skirt,bottom,,,black,white|gray,,,,Added by StyleSnap bot on 2025-10-12,black-skirt-1760234660.jpg,public
Black Longsleeve,Longsleeve,top,,,black,white|gray,,,,Added by StyleSnap bot on 2025-10-12,black-longsleeve-1760234661.jpg,public
Navy Hoodie,Hoodie,outerwear,,,navy,white|black,,,,Added by StyleSnap bot on 2025-10-12,navy-hoodie-1760234662.jpg,public
Teal Longsleeve,Longsleeve,top,,,teal,white|gray,,,,Added by StyleSnap bot on 2025-10-12,teal-longsleeve-1760234664.jpg,public
Beige Longsleeve,Longsleeve,top,,,beige,white|pink,,,,Added by StyleSnap bot on 2025-10-12,beige-longsleeve-1760234665.jpg,public
Black Skirt,Skirt,bottom,,,black,white|gray,,,,Added by StyleSnap bot on 2025-10-12,black-skirt-1760234666.jpg,public
Gray Pants,Pants,bottom,,,gray,white|black,,,,Added by StyleSnap bot on 2025-10-12,gray-pants-1760234667.jpg,public
Pink T-Shirt,T-Shirt,top,,,pink,gray|white,,,,Added by StyleSnap bot on 2025-10-12,pink-t-shirt-1760234668.jpg,public
Beige Dress,Dress,outerwear,,,beige,pink|white,,,,Added by StyleSnap bot on 2025-10-12,beige-dress-1760234669.jpg,public
Black Dress,Dress,outerwear,,,black,white|gray,,,,Added by StyleSnap bot on 2025-10-12,black-dress-1760234670.jpg,public
Teal Undershirt,Undershirt,top,,,teal,white,,,,Added by StyleSnap bot on 2025-10-12,teal-undershirt-1760234672.jpg,public
Black Longsleeve,Longsleeve,top,,,black,gray|white,,,,Added by StyleSnap bot on 2025-10-12,black-longsleeve-1760234673.jpg,public
Black Longsleeve,Longsleeve,top,,,black,white|gray,,,,Added by StyleSnap bot on 2025-10-12,black-longsleeve-1760234674.jpg,public
Black Longsleeve,Longsleeve,top,,,black,beige,,,,Added by StyleSnap bot on 2025-10-12,black-longsleeve-1760234676.jpg,public
Black Longsleeve,Longsleeve,top,,,black,gray|beige,,,,Added by StyleSnap bot on 2025-10-12,black-longsleeve-1760234677.jpg,public
Gray Pants,Pants,bottom,,,gray,beige,,,,Added by StyleSnap bot on 2025-10-12,gray-pants-1760234679.jpg,public
Gray Pants,Pants,bottom,,,gray,beige|black,,,,Added by StyleSnap bot on 2025-10-12,gray-pants-1760234680.jpg,public
Black Longsleeve,Longsleeve,top,,,black,gray|white,,,,Added by StyleSnap bot on 2025-10-12,black-longsleeve-1760234681.jpg,public
Brown Shirt,Shirt,top,,,brown,beige|pink,,,,Added by StyleSnap bot on 2025-10-12,brown-shirt-1760234683.jpg,public
Maroon T-Shirt,T-Shirt,top,,,maroon,white|gray,,,,Added by StyleSnap bot on 2025-10-12,maroon-t-shirt-1760234684.jpg,public
Pink Pants,Pants,bottom,,,pink,beige|gray,,,,Added by StyleSnap bot on 2025-10-12,pink-pants-1760234686.jpg,public
Black Polo,Polo,top,,,black,beige|gray,,,,Added by StyleSnap bot on 2025-10-12,black-polo-1760234687.jpg,public
Black Polo,Polo,top,,,black,beige|pink,,,,Added by StyleSnap bot on 2025-10-12,black-polo-1760234689.jpg,public
Black Longsleeve,Longsleeve,top,,,black,gray|beige,,,,Added by StyleSnap bot on 2025-10-12,black-longsleeve-1760234691.jpg,public
Olive Pants,Pants,bottom,,,olive,black|beige,,,,Added by StyleSnap bot on 2025-10-12,olive-pants-1760234693.jpg,public
Black Skirt,Skirt,bottom,,,black,beige|gray,,,,Added by StyleSnap bot on 2025-10-12,black-skirt-1760234695.jpg,public
Beige Shoes,Shoes,shoes,,,beige,black|brown,,,,Added by StyleSnap bot on 2025-10-12,beige-shoes-1760234697.jpg,public
Black Longsleeve,Longsleeve,top,,,black,white|gray,,,,Added by StyleSnap bot on 2025-10-12,black-longsleeve-1760234698.jpg,public
Black T-Shirt,T-Shirt,top,,,black,beige|pink,,,,Added by StyleSnap bot on 2025-10-12,black-t-shirt-1760234700.jpg,public
Gray Pants,Pants,bottom,,,gray,beige,,,,Added by StyleSnap bot on 2025-10-12,gray-pants-1760234702.jpg,public
Gray Pants,Pants,bottom,,,gray,beige,,,,Added by StyleSnap bot on 2025-10-12,gray-pants-1760234704.jpg,public
Black Longsleeve,Longsleeve,top,,,black,beige|brown,,,,Added by StyleSnap bot on 2025-10-12,black-longsleeve-1760234706.jpg,public
Beige Dress,Dress,outerwear,,,beige,black|gray,,,,Added by StyleSnap bot on 2025-10-12,beige-dress-1760234708.jpg,public
Black Longsleeve,Longsleeve,top,,,black,white|brown,,,,Added by StyleSnap bot on 2025-10-12,black-longsleeve-1760234711.jpg,public
Black Longsleeve,Longsleeve,top,,,black,white|gray,,,,Added by StyleSnap bot on 2025-10-12,black-longsleeve-1760234714.jpg,public
Gray Blazer,Blazer,outerwear,,,gray,white|black,,,,Added by StyleSnap bot on 2025-10-12,gray-blazer-1760234716.jpg,public
Gray Shirt,Shirt,top,,,gray,white,,,,Added by StyleSnap bot on 2025-10-12,gray-shirt-1760234718.jpg,public
Black Longsleeve,Longsleeve,top,,,black,white|gray,,,,Added by StyleSnap bot on 2025-10-12,black-longsleeve-1760234720.jpg,public
Beige Shoes,Shoes,shoes,,,beige,black|gray,,,,Added by StyleSnap bot on 2025-10-12,beige-shoes-1760234723.jpg,public
Black Skirt,Skirt,bottom,,,black,beige|gray,,,,Added by StyleSnap bot on 2025-10-12,black-skirt-1760234725.jpg,public
Beige T-Shirt,T-Shirt,top,,,beige,pink,,,,Added by StyleSnap bot on 2025-10-12,beige-t-shirt-1760234727.jpg,public
White Pants,Pants,bottom,,,white,pink|gray,,,,Added by StyleSnap bot on 2025-10-12,white-pants-1760234729.jpg,public
Black Polo,Polo,top,,,black,pink|beige,,,,Added by StyleSnap bot on 2025-10-12,black-polo-1760234730.jpg,public
Black T-Shirt,T-Shirt,top,,,black,gray|beige,,,,Added by StyleSnap bot on 2025-10-12,black-t-shirt-1760234731.jpg,public
Black Outwear,Outwear,outerwear,,,black,white|gray,,,,Added by StyleSnap bot on 2025-10-12,black-outwear-1760234732.jpg,public
Pink Hat,Hat,accessory,,,pink,white|gray,,,,Added by StyleSnap bot on 2025-10-12,pink-hat-1760234734.jpg,public
Gray Pants,Pants,bottom,,,gray,beige|black,,,,Added by StyleSnap bot on 2025-10-12,gray-pants-1760234735.jpg,public
Black Undershirt,Undershirt,top,,,black,beige|pink,,,,Added by StyleSnap bot on 2025-10-12,black-undershirt-1760234736.jpg,public
Black Shorts,Shorts,bottom,,,black,gray|beige,,,,Added by StyleSnap bot on 2025-10-12,black-shorts-1760234737.jpg,public
Black Longsleeve,Longsleeve,top,,,black,white|gray,,,,Added by StyleSnap bot on 2025-10-12,black-longsleeve-1760234738.jpg,public
White Pants,Pants,bottom,,,white,pink|teal,,,,Added by StyleSnap bot on 2025-10-12,white-pants-1760234739.jpg,public
Black Outwear,Outwear,outerwear,,,black,gray|white,,,,Added by StyleSnap bot on 2025-10-12,black-outwear-1760234740.jpg,public
White Pants,Pants,bottom,,,white,black|gray,,,,Added by StyleSnap bot on 2025-10-12,white-pants-1760234742.jpg,public
White Hat,Hat,accessory,,,white,pink|gray,,,,Added by StyleSnap bot on 2025-10-12,white-hat-1760234743.jpg,public
Black Polo,Polo,top,,,black,beige|gray,,,,Added by StyleSnap bot on 2025-10-12,black-polo-1760234744.jpg,public
Black Outwear,Outwear,outerwear,,,black,white|gray,,,,Added by StyleSnap bot on 2025-10-12,black-outwear-1760234745.jpg,public
Beige T-Shirt,T-Shirt,top,,,beige,black|pink,,,,Added by StyleSnap bot on 2025-10-12,beige-t-shirt-1760234747.jpg,public
Black Dress,Dress,outerwear,,,black,white|gray,,,,Added by StyleSnap bot on 2025-10-12,black-dress-1760234748.jpg,public
Beige Skirt,Skirt,bottom,,,beige,black|gray,,,,Added by StyleSnap bot on 2025-10-12,beige-skirt-1760234749.jpg,public
Black Polo,Polo,top,,,black,beige|gray,,,,Added by StyleSnap bot on 2025-10-12,black-polo-1760234750.jpg,public
Beige Longsleeve,Longsleeve,top,,,beige,white,,,,Added by StyleSnap bot on 2025-10-12,beige-longsleeve-1760234751.jpg,public
Black Dress,Dress,outerwear,,,black,beige|gray,,,,Added by StyleSnap bot on 2025-10-12,black-dress-1760234753.jpg,public
Gray Pants,Pants,bottom,,,gray,black|beige,,,,Added by StyleSnap bot on 2025-10-12,gray-pants-1760234754.jpg,public
White Pants,Pants,bottom,,,white,black|brown,,,,Added by StyleSnap bot on 2025-10-12,white-pants-1760234755.jpg,public
Black Undershirt,Undershirt,top,,,black,beige|pink,,,,Added by StyleSnap bot on 2025-10-12,black-undershirt-1760234757.jpg,public
Pink Pants,Pants,bottom,,,pink,beige|gray,,,,Added by StyleSnap bot on 2025-10-12,pink-pants-1760234759.jpg,public
Brown Shoes,Shoes,shoes,,,brown,beige|black,,,,Added by StyleSnap bot on 2025-10-12,brown-shoes-1760234760.jpg,public
Gray Longsleeve,Longsleeve,top,,,gray,white,,,,Added by StyleSnap bot on 2025-10-12,gray-longsleeve-1760234761.jpg,public
Gray Longsleeve,Longsleeve,top,,,gray,white,,,,Added by StyleSnap bot on 2025-10-12,gray-longsleeve-1760234762.jpg,public
Black Pants,Pants,bottom,,,black,beige|gray,,,,Added by StyleSnap bot on 2025-10-12,black-pants-1760234763.jpg,public
Pink Skirt,Skirt,bottom,,,pink,white|gray,,,,Added by StyleSnap bot on 2025-10-12,pink-skirt-1760234764.jpg,public
White Longsleeve,Longsleeve,top,,,white,beige,,,,Added by StyleSnap bot on 2025-10-12,white-longsleeve-1760234765.jpg,public
Brown Pants,Pants,bottom,,,brown,black|gray,,,,Added by StyleSnap bot on 2025-10-12,brown-pants-1760234766.jpg,public
Black Polo,Polo,top,,,black,beige|pink,,,,Added by StyleSnap bot on 2025-10-12,black-polo-1760234767.jpg,public
White Pants,Pants,bottom,,,white,black|gray,,,,Added by StyleSnap bot on 2025-10-12,white-pants-1760234768.jpg,public
Black Undershirt,Undershirt,top,,,black,beige|gray,,,,Added by StyleSnap bot on 2025-10-12,black-undershirt-1760234769.jpg,public
Black Longsleeve,Longsleeve,top,,,black,white|gray,,,,Added by StyleSnap bot on 2025-10-12,black-longsleeve-1760234770.jpg,public
Black Longsleeve,Longsleeve,top,,,black,white|gray,,,,Added by StyleSnap bot on 2025-10-12,black-longsleeve-1760234771.jpg,public
Black Outwear,Outwear,outerwear,,,black,white|gray,,,,Added by StyleSnap bot on 2025-10-12,black-outwear-1760234772.jpg,public
Gray Pants,Pants,bottom,,,gray,beige|navy,,,,Added by StyleSnap bot on 2025-10-12,gray-pants-1760234773.jpg,public
Black Outwear,Outwear,outerwear,,,black,gray|beige,,,,Added by StyleSnap bot on 2025-10-12,black-outwear-1760234774.jpg,public
White Pants,Pants,bottom,,,white,black|gray,,,,Added by StyleSnap bot on 2025-10-12,white-pants-1760234775.jpg,public
Gray Pants,Pants,bottom,,,gray,beige|black,,,,Added by StyleSnap bot on 2025-10-12,gray-pants-1760234776.jpg,public
Gray Longsleeve,Longsleeve,top,,,gray,black|white,,,,Added by StyleSnap bot on 2025-10-12,gray-longsleeve-1760234777.jpg,public
Gray Longsleeve,Longsleeve,top,,,gray,beige,,,,Added by StyleSnap bot on 2025-10-12,gray-longsleeve-1760234778.jpg,public
Beige Shoes,Shoes,shoes,,,beige,maroon|black,,,,Added by StyleSnap bot on 2025-10-12,beige-shoes-1760234779.jpg,public
Pink Shirt,Shirt,top,,,pink,white|navy,,,,Added by StyleSnap bot on 2025-10-12,pink-shirt-1760234780.jpg,public
Black T-Shirt,T-Shirt,top,,,black,white|gray,,,,Added by StyleSnap bot on 2025-10-12,black-t-shirt-1760234781.jpg,public
Gray Shoes,Shoes,shoes,,,gray,beige|brown,,,,Added by StyleSnap bot on 2025-10-12,gray-shoes-1760234782.jpg,public
Black Blazer,Blazer,outerwear,,,black,white|gray,,,,Added by StyleSnap bot on 2025-10-12,black-blazer-1760234783.jpg,public
Gray Longsleeve,Longsleeve,top,,,gray,white,,,,Added by StyleSnap bot on 2025-10-12,gray-longsleeve-1760234784.jpg,public
Gray Skirt,Skirt,bottom,,,gray,white|teal,,,,Added by StyleSnap bot on 2025-10-12,gray-skirt-1760234785.jpg,public
Beige Shirt,Shirt,top,,,beige,white|gray,,,,Added by StyleSnap bot on 2025-10-12,beige-shirt-1760234787.jpg,public
Navy Outwear,Outwear,outerwear,,,navy,white|black,,,,Added by StyleSnap bot on 2025-10-12,navy-outwear-1760234788.jpg,public
White Pants,Pants,bottom,,,white,black|gray,,,,Added by StyleSnap bot on 2025-10-12,white-pants-1760234789.jpg,public
White Undershirt,Undershirt,top,,,white,beige,,,,Added by StyleSnap bot on 2025-10-12,white-undershirt-1760234790.jpg,public
Black Dress,Dress,outerwear,,,black,white,,,,Added by StyleSnap bot on 2025-10-12,black-dress-1760234791.jpg,public
Black T-Shirt,T-Shirt,top,,,black,pink|beige,,,,Added by StyleSnap bot on 2025-10-12,black-t-shirt-1760234792.jpg,public
Black T-Shirt,T-Shirt,top,,,black,beige|pink,,,,Added by StyleSnap bot on 2025-10-12,black-t-shirt-1760234793.jpg,public
Black Outwear,Outwear,outerwear,,,black,white|gray,,,,Added by StyleSnap bot on 2025-10-12,black-outwear-1760234794.jpg,public
Pink Longsleeve,Longsleeve,top,,,pink,white|gray,,,,Added by StyleSnap bot on 2025-10-12,pink-longsleeve-1760234795.jpg,public
Brown T-Shirt,T-Shirt,top,,,brown,white|gray,,,,Added by StyleSnap bot on 2025-10-12,brown-t-shirt-1760234795.jpg,public
Pink Longsleeve,Longsleeve,top,,,pink,gray|beige,,,,Added by StyleSnap bot on 2025-10-12,pink-longsleeve-1760234796.jpg,public
Beige Pants,Pants,bottom,,,beige,gray,,,,Added by StyleSnap bot on 2025-10-12,beige-pants-1760234797.jpg,public
Black Longsleeve,Longsleeve,top,,,black,white|gray,,,,Added by StyleSnap bot on 2025-10-12,black-longsleeve-1760234798.jpg,public
Black Longsleeve,Longsleeve,top,,,black,white|gray,,,,Added by StyleSnap bot on 2025-10-12,black-longsleeve-1760234799.jpg,public
White Pants,Pants,bottom,,,white,black|gray,,,,Added by StyleSnap bot on 2025-10-12,white-pants-1760234800.jpg,public
Black Outwear,Outwear,outerwear,,,black,white|gray,,,,Added by StyleSnap bot on 2025-10-12,black-outwear-1760234801.jpg,public
Black T-Shirt,T-Shirt,top,,,black,white,,,,Added by StyleSnap bot on 2025-10-12,black-t-shirt-1760234801.jpg,public
Beige Shirt,Shirt,top,,,beige,white|pink,,,,Added by StyleSnap bot on 2025-10-12,beige-shirt-1760234802.jpg,public
Beige Shoes,Shoes,shoes,,,beige,black|gray,,,,Added by StyleSnap bot on 2025-10-12,beige-shoes-1760234803.jpg,public
Gray Outwear,Outwear,outerwear,,,gray,black|white,,,,Added by StyleSnap bot on 2025-10-12,gray-outwear-1760234804.jpg,public
Gray T-Shirt,T-Shirt,top,,,gray,white,,,,Added by StyleSnap bot on 2025-10-12,gray-t-shirt-1760234805.jpg,public
Black T-Shirt,T-Shirt,top,,,black,beige|gray,,,,Added by StyleSnap bot on 2025-10-12,black-t-shirt-1760234806.jpg,public
Black T-Shirt,T-Shirt,top,,,black,beige|gray,,,,Added by StyleSnap bot on 2025-10-12,black-t-shirt-1760234806.jpg,public
Black Shoes,Shoes,shoes,,,black,beige|gray,,,,Added by StyleSnap bot on 2025-10-12,black-shoes-1760234807.jpg,public
White Pants,Pants,bottom,,,white,black|gray,,,,Added by StyleSnap bot on 2025-10-12,white-pants-1760234808.jpg,public
Black Shorts,Shorts,bottom,,,black,gray|beige,,,,Added by StyleSnap bot on 2025-10-12,black-shorts-1760234809.jpg,public
Black T-Shirt,T-Shirt,top,,,black,white|gray,,,,Added by StyleSnap bot on 2025-10-12,black-t-shirt-1760234810.jpg,public
Pink Pants,Pants,bottom,,,pink,gray|black,,,,Added by StyleSnap bot on 2025-10-12,pink-pants-1760234811.jpg,public
Black Hoodie,Hoodie,outerwear,,,black,beige|gray,,,,Added by StyleSnap bot on 2025-10-12,black-hoodie-1760234812.jpg,public
Black Longsleeve,Longsleeve,top,,,black,white|pink,,,,Added by StyleSnap bot on 2025-10-12,black-longsleeve-1760234813.jpg,public
White Pants,Pants,bottom,,,white,black|gray,,,,Added by StyleSnap bot on 2025-10-12,white-pants-1760234814.jpg,public
Brown Longsleeve,Longsleeve,top,,,brown,white|gray,,,,Added by StyleSnap bot on 2025-10-12,brown-longsleeve-1760234815.jpg,public
Beige T-Shirt,T-Shirt,top,,,beige,gray,,,,Added by StyleSnap bot on 2025-10-12,beige-t-shirt-1760234816.jpg,public
Black Outwear,Outwear,outerwear,,,black,white,,,,Added by StyleSnap bot on 2025-10-12,black-outwear-1760234817.jpg,public
Black Undershirt,Undershirt,top,,,black,gray|beige,,,,Added by StyleSnap bot on 2025-10-12,black-undershirt-1760234818.jpg,public
Black Shoes,Shoes,shoes,,,black,beige|gray,,,,Added by StyleSnap bot on 2025-10-12,black-shoes-1760234819.jpg,public
Beige T-Shirt,T-Shirt,top,,,beige,pink,,,,Added by StyleSnap bot on 2025-10-12,beige-t-shirt-1760234820.jpg,public
Brown Longsleeve,Longsleeve,top,,,brown,white|gray,,,,Added by StyleSnap bot on 2025-10-12,brown-longsleeve-1760234821.jpg,public
Black Shoes,Shoes,shoes,,,black,white|gray,,,,Added by StyleSnap bot on 2025-10-12,black-shoes-1760234822.jpg,public
Beige Undershirt,Undershirt,top,,,beige,pink|white,,,,Added by StyleSnap bot on 2025-10-12,beige-undershirt-1760234823.jpg,public
Black Blazer,Blazer,outerwear,,,black,beige|pink,,,,Added by StyleSnap bot on 2025-10-12,black-blazer-1760234824.jpg,public
Black Blazer,Blazer,outerwear,,,black,beige|pink,,,,Added by StyleSnap bot on 2025-10-12,black-blazer-1760234825.jpg,public
White Pants,Pants,bottom,,,white,teal|gray,,,,Added by StyleSnap bot on 2025-10-12,white-pants-1760234826.jpg,public
Black Longsleeve,Longsleeve,top,,,black,white|gray,,,,Added by StyleSnap bot on 2025-10-12,black-longsleeve-1760234827.jpg,public
Black Longsleeve,Longsleeve,top,,,black,white|gray,,,,Added by StyleSnap bot on 2025-10-12,black-longsleeve-1760234828.jpg,public
Black Outwear,Outwear,outerwear,,,black,white|gray,,,,Added by StyleSnap bot on 2025-10-12,black-outwear-1760234830.jpg,public
Black Dress,Dress,outerwear,,,black,beige|gray,,,,Added by StyleSnap bot on 2025-10-12,black-dress-1760234831.jpg,public
White Pants,Pants,bottom,,,white,black|gray,,,,Added by StyleSnap bot on 2025-10-12,white-pants-1760234832.jpg,public
Pink Dress,Dress,outerwear,,,pink,black|beige,,,,Added by StyleSnap bot on 2025-10-12,pink-dress-1760234834.jpg,public
White Pants,Pants,bottom,,,white,black|gray,,,,Added by StyleSnap bot on 2025-10-12,white-pants-1760234835.jpg,public
Gray Outwear,Outwear,outerwear,,,gray,beige|black,,,,Added by StyleSnap bot on 2025-10-12,gray-outwear-1760234836.jpg,public
Gray Outwear,Outwear,outerwear,,,gray,beige|black,,,,Added by StyleSnap bot on 2025-10-12,gray-outwear-1760234838.jpg,public
Gray Longsleeve,Longsleeve,top,,,gray,beige,,,,Added by StyleSnap bot on 2025-10-12,gray-longsleeve-1760234839.jpg,public
Beige T-Shirt,T-Shirt,top,,,beige,white,,,,Added by StyleSnap bot on 2025-10-12,beige-t-shirt-1760234840.jpg,public
White Pants,Pants,bottom,,,white,black|gray,,,,Added by StyleSnap bot on 2025-10-12,white-pants-1760234842.jpg,public
White Pants,Pants,bottom,,,white,black|gray,,,,Added by StyleSnap bot on 2025-10-12,white-pants-1760234844.jpg,public
Black Skirt,Skirt,bottom,,,black,beige|gray,,,,Added by StyleSnap bot on 2025-10-12,black-skirt-1760234846.jpg,public
Gray Pants,Pants,bottom,,,gray,black|beige,,,,Added by StyleSnap bot on 2025-10-12,gray-pants-1760234847.jpg,public
Brown T-Shirt,T-Shirt,top,,,brown,gray|beige,,,,Added by StyleSnap bot on 2025-10-12,brown-t-shirt-1760234850.jpg,public
Black Longsleeve,Longsleeve,top,,,black,white|gray,,,,Added by StyleSnap bot on 2025-10-12,black-longsleeve-1760234851.jpg,public
Black Longsleeve,Longsleeve,top,,,black,white|gray,,,,Added by StyleSnap bot on 2025-10-12,black-longsleeve-1760234853.jpg,public
Gray Pants,Pants,bottom,,,gray,beige|teal,,,,Added by StyleSnap bot on 2025-10-12,gray-pants-1760234855.jpg,public
Black Undershirt,Undershirt,top,,,black,beige|pink,,,,Added by StyleSnap bot on 2025-10-12,black-undershirt-1760234857.jpg,public
Beige Shoes,Shoes,shoes,,,beige,black|gray,,,,Added by StyleSnap bot on 2025-10-12,beige-shoes-1760234860.jpg,public
Black Undershirt,Undershirt,top,,,black,beige|pink,,,,Added by StyleSnap bot on 2025-10-12,black-undershirt-1760234862.jpg,public
Black Undershirt,Undershirt,top,,,black,gray|beige,,,,Added by StyleSnap bot on 2025-10-12,black-undershirt-1760234865.jpg,public
Black Outwear,Outwear,outerwear,,,black,white|gray,,,,Added by StyleSnap bot on 2025-10-12,black-outwear-1760234867.jpg,public
Black Longsleeve,Longsleeve,top,,,black,white|gray,,,,Added by StyleSnap bot on 2025-10-12,black-longsleeve-1760234870.jpg,public
Black Longsleeve,Longsleeve,top,,,black,beige|gray,,,,Added by StyleSnap bot on 2025-10-12,black-longsleeve-1760234872.jpg,public
Black Longsleeve,Longsleeve,top,,,black,white|pink,,,,Added by StyleSnap bot on 2025-10-12,black-longsleeve-1760234875.jpg,public
Black T-Shirt,T-Shirt,top,,,black,white|gray,,,,Added by StyleSnap bot on 2025-10-12,black-t-shirt-1760234878.jpg,public
Black Longsleeve,Longsleeve,top,,,black,white|gray,,,,Added by StyleSnap bot on 2025-10-12,black-longsleeve-1760234881.jpg,public
Beige T-Shirt,T-Shirt,top,,,beige,pink|white,,,,Added by StyleSnap bot on 2025-10-12,beige-t-shirt-1760234883.jpg,public
Gray Hoodie,Hoodie,outerwear,,,gray,beige|teal,,,,Added by StyleSnap bot on 2025-10-12,gray-hoodie-1760234885.jpg,public
Gray Outwear,Outwear,outerwear,,,gray,beige|pink,,,,Added by StyleSnap bot on 2025-10-12,gray-outwear-1760234886.jpg,public
Beige Polo,Polo,top,,,beige,white|pink,,,,Added by StyleSnap bot on 2025-10-12,beige-polo-1760234888.jpg,public
Gray Pants,Pants,bottom,,,gray,beige,,,,Added by StyleSnap bot on 2025-10-12,gray-pants-1760234889.jpg,public
White Shoes,Shoes,shoes,,,white,black|gray,,,,Added by StyleSnap bot on 2025-10-12,white-shoes-1760234890.jpg,public
Gray T-Shirt,T-Shirt,top,,,gray,beige|pink,,,,Added by StyleSnap bot on 2025-10-12,gray-t-shirt-1760234892.jpg,public
Beige Pants,Pants,bottom,,,beige,,,,,Added by StyleSnap bot on 2025-10-12,beige-pants-1760234893.jpg,public
Black Longsleeve,Longsleeve,top,,,black,white|gray,,,,Added by StyleSnap bot on 2025-10-12,black-longsleeve-1760234894.jpg,public
Black Longsleeve,Longsleeve,top,,,black,white|gray,,,,Added by StyleSnap bot on 2025-10-12,black-longsleeve-1760234896.jpg,public
Black Longsleeve,Longsleeve,top,,,black,beige|gray,,,,Added by StyleSnap bot on 2025-10-12,black-longsleeve-1760234897.jpg,public
Black Polo,Polo,top,,,black,beige|pink,,,,Added by StyleSnap bot on 2025-10-12,black-polo-1760234898.jpg,public
Maroon T-Shirt,T-Shirt,top,,,maroon,beige|gray,,,,Added by StyleSnap bot on 2025-10-12,maroon-t-shirt-1760234899.jpg,public
Black Longsleeve,Longsleeve,top,,,black,white,,,,Added by StyleSnap bot on 2025-10-12,black-longsleeve-1760234900.jpg,public
Black Longsleeve,Longsleeve,top,,,black,white|gray,,,,Added by StyleSnap bot on 2025-10-12,black-longsleeve-1760234901.jpg,public
Beige Shirt,Shirt,top,,,beige,white|pink,,,,Added by StyleSnap bot on 2025-10-12,beige-shirt-1760234902.jpg,public
Black Longsleeve,Longsleeve,top,,,black,white,,,,Added by StyleSnap bot on 2025-10-12,black-longsleeve-1760234903.jpg,public
White Pants,Pants,bottom,,,white,gray,,,,Added by StyleSnap bot on 2025-10-12,white-pants-1760234904.jpg,public
Black Longsleeve,Longsleeve,top,,,black,white,,,,Added by StyleSnap bot on 2025-10-12,black-longsleeve-1760234908.jpg,public
Gray Shorts,Shorts,bottom,,,gray,beige,,,,Added by StyleSnap bot on 2025-10-12,gray-shorts-1760234909.jpg,public
Beige T-Shirt,T-Shirt,top,,,beige,white,,,,Added by StyleSnap bot on 2025-10-12,beige-t-shirt-1760234910.jpg,public
Black Longsleeve,Longsleeve,top,,,black,white|gray,,,,Added by StyleSnap bot on 2025-10-12,black-longsleeve-1760234912.jpg,public
Gray Pants,Pants,bottom,,,gray,beige|black,,,,Added by StyleSnap bot on 2025-10-12,gray-pants-1760234913.jpg,public
Gray Pants,Pants,bottom,,,gray,beige|black,,,,Added by StyleSnap bot on 2025-10-12,gray-pants-1760234914.jpg,public
Black Outwear,Outwear,outerwear,,,black,white|gray,,,,Added by StyleSnap bot on 2025-10-12,black-outwear-1760234916.jpg,public
Black Longsleeve,Longsleeve,top,,,black,white|gray,,,,Added by StyleSnap bot on 2025-10-12,black-longsleeve-1760234917.jpg,public
Black Longsleeve,Longsleeve,top,,,black,white|gray,,,,Added by StyleSnap bot on 2025-10-12,black-longsleeve-1760234918.jpg,public
White Pants,Pants,bottom,,,white,gray|black,,,,Added by StyleSnap bot on 2025-10-12,white-pants-1760234920.jpg,public
Black T-Shirt,T-Shirt,top,,,black,beige|gray,,,,Added by StyleSnap bot on 2025-10-12,black-t-shirt-1760234921.jpg,public
White Pants,Pants,bottom,,,white,black|gray,,,,Added by StyleSnap bot on 2025-10-12,white-pants-1760234922.jpg,public
Black Polo,Polo,top,,,black,beige|gray,,,,Added by StyleSnap bot on 2025-10-12,black-polo-1760234923.jpg,public
Pink Pants,Pants,bottom,,,pink,gray|black,,,,Added by StyleSnap bot on 2025-10-12,pink-pants-1760234924.jpg,public
Pink Pants,Pants,bottom,,,pink,beige|brown,,,,Added by StyleSnap bot on 2025-10-12,pink-pants-1760234925.jpg,public
Gray Pants,Pants,bottom,,,gray,black|beige,,,,Added by StyleSnap bot on 2025-10-12,gray-pants-1760234926.jpg,public
Black Hat,Hat,accessory,,,black,white|navy,,,,Added by StyleSnap bot on 2025-10-12,black-hat-1760234927.jpg,public
Black Longsleeve,Longsleeve,top,,,black,white|gray,,,,Added by StyleSnap bot on 2025-10-12,black-longsleeve-1760234928.jpg,public
Black Shoes,Shoes,shoes,,,black,white|gray,,,,Added by StyleSnap bot on 2025-10-12,black-shoes-1760234929.jpg,public
